RETAILER_CODE,RSO_CODE,RSO_MSISDN,RETAILER_CODE,TOPUP_NUMBER,Catagory,LATITUDE,LONGITUDE,LAST_UPDATED_DATE,Status
R213380,RS052122,1986688255,R213380,1986688255,SSO,24.0252084992851,90.8164553716779,9/28/2026,Y
R519766,RS050424,1409865178,R519766,1409865178,SSO,24.0893014358034,90.7981553301215,9/28/2026,Y
R585572,RS055317,1984220463,R585572,1984220463,LSO,24.001476550206,90.7663433253765,9/28/2026,Y
R335745,RS055317,1984220463,R335745,1984220463,LSO,23.9946339285958,90.7603438943624,9/28/2026,Y
R529825,RS050419,1915238808,R529825,1915238808,SSO,24.0466278054842,90.6807811930776,9/28/2026,Y
R567189,RS055317,1984220463,R567189,1984220463,LSO,23.9783412669582,90.7395172119141,9/28/2026,Y
R280051,RS053954,1908437930,R280051,1908437930,LSO,23.9620171319105,90.7337876781821,9/28/2026,Y
R015697,RS053954,1908437930,R015697,1908437930,SSO,23.9718181720362,90.7259526103735,9/28/2026,Y
R608867,RS050419,1915238808,R608867,1915238808,LSO,24.0422383497126,90.738240480423,9/28/2026,Y
R200649,RS050418,1967037600,R200649,1967037600,SSO,24.0416813900437,90.7380269095302,9/28/2026,Y
R458773,RS050418,1967037600,R458773,1967037600,SSO,24.0418436710102,90.737735889852,9/28/2026,Y
R567254,RS050418,1967037600,R567254,1967037600,LSO,24.0417937619801,90.7378368079662,9/28/2026,Y
R567198,RS050424,1409865178,R567198,1409865178,LSO,24.0420194241276,90.7379122450948,9/28/2026,Y
R597392,RS050418,1967037600,R597392,1967037600,LSO,24.2040511963002,90.7567262649536,9/27/2026,Y
R414558,RS052122,1986688255,R414558,1986688255,LSO,24.0642557639722,90.8044021949172,9/27/2026,Y
R195323,RS050419,1915238808,R195323,1915238808,SSO,24.0675567952189,90.6918882206082,9/27/2026,Y
R631188,RS050419,1915238808,R631188,1915238808,LSO,24.0468035520542,90.6805890798569,9/27/2026,Y
R276894,RS050418,1967037600,R276894,1967037600,SSO,24.0844034970111,90.7349544391036,9/27/2026,Y
R534680,RS052122,1986688255,R534680,1986688255,SSO,24.020130800122,90.8087802305818,9/27/2026,Y
R407939,RS052122,1986688255,R407939,1986688255,SSO,24.0115281731537,90.7974153757095,9/27/2026,Y
R078175,RS053954,1908437930,R078175,1908437930,SSO,23.9714974158361,90.7263660058379,9/27/2026,Y
R300226,RS050418,1967037600,R300226,1967037600,SSO,24.0418347914909,90.7384587451816,9/27/2026,Y
R495002,RS050418,1967037600,R495002,1967037600,LSO,24.0419514499539,90.73795247823,9/27/2026,Y
R333497,RS050418,1967037600,R333497,1967037600,LSO,24.0417671234101,90.7382149994373,9/27/2026,Y
R597398,RS050418,1967037600,R597398,1967037600,LSO,24.0419441013924,90.7379591837525,9/27/2026,Y
R597397,RS050418,1967037600,R597397,1967037600,LSO,24.0418978666836,90.7378016039729,9/27/2026,Y
R494483,RS050419,1915238808,R494483,1915238808,LSO,24.0507213521622,90.6736847385764,9/26/2026,Y
R212700,RS052122,1986688255,R212700,1986688255,LSO,24.094431490805,90.8610739186406,9/26/2026,Y
R606616,RS052122,1986688255,R606616,1986688255,LSO,24.0942086754285,90.8612325042486,9/26/2026,Y
R280057,RS052122,1986688255,R280057,1986688255,LSO,24.0942398940898,90.8612351864576,9/26/2026,Y
R458667,RS050418,1967037600,R458667,1967037600,LSO,24.0390649638954,90.7373774796724,9/26/2026,Y
R538425,RS050418,1967037600,R538425,1967037600,LSO,24.0403855844805,90.7380094751716,9/26/2026,Y
R395126,RS050418,1967037600,R395126,1967037600,LSO,24.0361431995291,90.7376715168357,9/26/2026,Y
R599731,RS055630,1915239231,R599731,1915239231,SSO,24.0364399107634,90.744382403791,9/26/2026,Y
R640352,RS050418,1967037600,R640352,1967037600,LSO,24.0075102521582,90.7367360964417,9/26/2026,Y
R238849,RS050419,1915238808,R238849,1915238808,LSO,24.0679599664502,90.6922603771091,9/26/2026,Y
R238821,RS050418,1967037600,R238821,1967037600,LSO,24.0420959715774,90.7378686591983,9/26/2026,Y
R385396,RS050419,1915238808,R385396,1915238808,SSO,24.0677931265727,90.6912377849221,9/26/2026,Y
R463786,RS050418,1967037600,R463786,1967037600,LSO,24.0418651043301,90.7377291843295,9/26/2026,Y
R608879,RS050419,1915238808,R608879,1915238808,LSO,24.0420901539728,90.7377322018147,9/26/2026,Y
R333563,RS055317,1984220463,R333563,1984220463,SSO,24.0420059517717,90.7378824055195,9/24/2026,Y
R361435,RS055317,1984220463,R361435,1984220463,SSO,24.042026160305,90.7379226386547,9/24/2026,Y
R084280,RS055317,1984220463,R084280,1984220463,SSO,24.0419891113248,90.7378629595041,9/24/2026,Y
R334301,RS050424,1409865178,R334301,1409865178,SSO,24.0874845494639,90.7971756532788,9/24/2026,Y
R335077,RS053954,1908437930,R335077,1908437930,LSO,23.962399187601,90.7395876199007,9/24/2026,Y
R334285,RS053954,1908437930,R334285,1908437930,LSO,23.962338830843,90.7395071536303,9/24/2026,Y
R334289,RS055317,1984220463,R334289,1984220463,SSO,23.9830153409226,90.7430463284254,9/24/2026,Y
R239920,RS053954,1908437930,R239920,1908437930,SSO,23.9616556026282,90.7396898791194,9/24/2026,Y
R200648,RS055317,1984220463,R200648,1984220463,SSO,23.9986951327284,90.7673417776823,9/24/2026,Y
R585570,RS055317,1984220463,R585570,1984220463,LSO,24.0031121095523,90.7710442319512,9/24/2026,Y
R458408,RS050424,1409865178,R458408,1409865178,LSO,24.0867398512426,90.7968353480101,9/24/2026,Y
R487259,RS050424,1409865178,R487259,1409865178,LSO,24.0867086307542,90.7968330010772,9/24/2026,Y
R220447,RS053954,1908437930,R220447,1908437930,SSO,23.9609739027065,90.7629369199276,9/24/2026,Y
R508353,RS053954,1908437930,R508353,1908437930,LSO,23.9619350219591,90.73805809021,9/24/2026,Y
R280053,RS052122,1986688255,R280053,1986688255,LSO,24.0030906697703,90.798693113029,9/24/2026,Y
R640308,RS052122,1986688255,R640308,1986688255,LSO,24.0030784184647,90.7987289875746,9/24/2026,Y
R519787,RS052122,1986688255,R519787,1986688255,LSO,24.0030578975251,90.7987226173282,9/24/2026,Y
R280069,RS053954,1908437930,R280069,1908437930,LSO,23.9604677573318,90.7369610667229,9/24/2026,Y
R418856,RS053954,1908437930,R418856,1908437930,LSO,23.9604509062107,90.7369962707162,9/24/2026,Y
R444301,RS055317,1984220463,R444301,1984220463,LSO,23.9718316517444,90.7565130293369,9/24/2026,Y
R463752,RS052122,1986688255,R463752,1986688255,LSO,23.9939058448924,90.8027016744018,9/24/2026,Y
R276896,RS053954,1908437930,R276896,1908437930,SSO,23.9613354339004,90.7363223657012,9/24/2026,Y
R352341,RS053954,1908437930,R352341,1908437930,SSO,23.9713270807958,90.7266848534346,9/24/2026,Y
R075245,RS050424,1409865178,R075245,1409865178,SSO,24.067608224877,90.766368471086,9/24/2026,Y
R608844,RS050419,1915238808,R608844,1915238808,LSO,24.0500875804752,90.7200229167938,9/24/2026,Y
R528669,RS055317,1984220463,R528669,1984220463,LSO,23.9826593845126,90.7423734292388,9/23/2026,Y
R444247,RS055317,1984220463,R444247,1984220463,LSO,23.9826648984748,90.7423757761717,9/23/2026,Y
R395111,RS053954,1908437930,R395111,1908437930,LSO,24.0493457268402,90.650249607861,9/23/2026,Y
R608854,RS050419,1915238808,R608854,1915238808,LSO,24.0460613732643,90.6800124049187,9/23/2026,Y
R200604,RS050419,1915238808,R200604,1915238808,LSO,24.0458562323306,90.6800197809935,9/23/2026,Y
R335042,RS050424,1409865178,R335042,1409865178,SSO,24.0419401209215,90.7377764582634,9/23/2026,Y
R237164,RS052122,1986688255,R237164,1986688255,LSO,24.0599811038513,90.8089247345924,9/22/2026,Y
R345203,RS055630,1915239231,R345203,1915239231,LSO,24.0420460626453,90.7379031926394,9/22/2026,Y
R227469,RS055317,1984220463,R227469,1984220463,LSO,23.9830064573409,90.7420264184475,9/22/2026,Y
R608839,RS050419,1915238808,R608839,1915238808,LSO,24.0690574306948,90.6921654939651,9/22/2026,Y
R200625,RS055317,1984220463,R200625,1984220463,SSO,23.9989799849853,90.7674182206392,9/22/2026,Y
R015374,RS050419,1915238808,R015374,1915238808,SSO,24.0673581173579,90.6919415295124,9/22/2026,Y
R283463,RS055317,1984220463,R283463,1984220463,LSO,23.9927357564394,90.7561398670077,9/22/2026,Y
R494876,RS050419,1915238808,R494876,1915238808,LSO,24.046450527777,90.6800348684192,9/22/2026,Y
R196229,RS050419,1915238808,R196229,1915238808,LSO,24.0471161599058,90.6805515289307,9/22/2026,Y
R276904,RS055317,1984220463,R276904,1984220463,LSO,23.982545735572,90.7424438372254,9/22/2026,Y
R606625,RS052122,1986688255,R606625,1986688255,LSO,24.0308840399488,90.8257975056767,9/22/2026,Y
R487144,RS053954,1908437930,R487144,1908437930,LSO,23.9620156000088,90.739524923265,9/22/2026,Y
R640303,RS052122,1986688255,R640303,1986688255,LSO,24.0135727656089,90.8284756913781,9/22/2026,Y
R529826,RS050419,1915238808,R529826,1915238808,SSO,24.0676703690197,90.691726282239,9/21/2026,Y
R219544,RS055317,1984220463,R219544,1984220463,LSO,24.0420304469631,90.737889111042,9/21/2026,Y
R407953,RS053954,1908437930,R407953,1908437930,LSO,23.9688100173372,90.7390421256423,9/21/2026,Y
R530448,RS053954,1908437930,R530448,1908437930,LSO,23.9621694028386,90.73973916471,9/21/2026,Y
R239944,RS050419,1915238808,R239944,1915238808,LSO,24.0684176270185,90.6922422721982,9/21/2026,Y
R334269,RS050419,1915238808,R334269,1915238808,LSO,24.068856306151,90.6919395178556,9/21/2026,Y
R444303,RS055317,1984220463,R444303,1984220463,LSO,23.9824376005032,90.7424300909042,9/21/2026,Y
R334311,RS055630,1915239231,R334311,1915239231,LSO,24.0812856389579,90.733478218317,9/21/2026,Y
R640345,RS055317,1984220463,R640345,1984220463,LSO,23.9779537443644,90.7396399229765,9/21/2026,Y
R200626,RS055630,1915239231,R200626,1915239231,LSO,24.0805534547388,90.7332592830062,9/21/2026,Y
R025965,RS055317,1984220463,R025965,1984220463,LSO,24.0421324081474,90.737833455205,9/21/2026,Y
R538405,RS050424,1409865178,R538405,1409865178,LSO,24.0447248895026,90.7383863255382,9/20/2026,Y
R335666,RS055317,1984220463,R335666,1984220463,LSO,23.9818191151777,90.7695264369249,9/20/2026,Y
R220460,RS050424,1409865178,R220460,1409865178,SSO,24.0888349735067,90.7979283481836,9/20/2026,Y
R608915,RS055317,1984220463,R608915,1984220463,LSO,23.9808189332675,90.7692749798298,9/20/2026,Y
R238793,RS050419,1915238808,R238793,1915238808,SSO,24.0678004736544,90.6924360617995,9/20/2026,Y
R015340,RS050419,1915238808,R015340,1915238808,SSO,24.0671817866719,90.6916518509388,9/20/2026,Y
R333517,RS050419,1915238808,R333517,1915238808,LSO,24.0677726159673,90.6916954368353,9/20/2026,Y
R300364,RS055630,1915239231,R300364,1915239231,LSO,24.0418914366896,90.7384848967195,9/20/2026,Y
R015334,RS055630,1915239231,R015334,1915239231,LSO,24.0419554304245,90.738557651639,9/20/2026,Y
R463792,RS055630,1915239231,R463792,1915239231,SSO,24.0421467990588,90.7386441528797,9/20/2026,Y
R255455,RS055630,1915239231,R255455,1915239231,SSO,24.0421321019578,90.7385258004069,9/20/2026,Y
R300372,RS055630,1915239231,R300372,1915239231,LSO,24.0421382257501,90.7386233657598,9/20/2026,Y
R079813,RS055630,1915239231,R079813,1915239231,SSO,24.0810765750777,90.7333360612392,9/20/2026,Y
R463772,RS055630,1915239231,R463772,1915239231,LSO,24.0815369436979,90.7333146035671,9/20/2026,Y
R239152,RS055630,1915239231,R239152,1915239231,LSO,24.0822544297939,90.7335741072893,9/20/2026,Y
R212217,RS050419,1915238808,R212217,1915238808,LSO,24.0521875878073,90.7007851079106,9/20/2026,Y
R585578,RS055630,1915239231,R585578,1915239231,LSO,24.081560206962,90.7333846762776,9/20/2026,Y
R463789,RS055630,1915239231,R463789,1915239231,LSO,24.0810618824349,90.7329880446196,9/20/2026,Y
R407922,RS055630,1915239231,R407922,1915239231,LSO,24.0809477082994,90.7330614700913,9/20/2026,Y
R334294,RS055630,1915239231,R334294,1915239231,LSO,24.0808010877457,90.7333323732018,9/20/2026,Y
R538438,RS055630,1915239231,R538438,1915239231,LSO,24.080189197654,90.733137242496,9/20/2026,Y
R015355,RS055630,1915239231,R015355,1915239231,LSO,24.0800820630204,90.73297329247,9/20/2026,Y
R345269,RS055630,1915239231,R345269,1915239231,LSO,24.0803159225051,90.733589194715,9/20/2026,Y
R055229,RS050419,1915238808,R055229,1915238808,SSO,24.0681558882311,90.6914520263672,9/19/2026,Y
R395109,RS053954,1908437930,R395109,1908437930,LSO,23.960933153788,90.7632852718234,9/19/2026,Y
R528665,RS053954,1908437930,R528665,1908437930,SSO,23.9607741409679,90.7632296159863,9/19/2026,Y
R239922,RS050418,1967037600,R239922,1967037600,LSO,24.0415708551548,90.7379625365138,9/19/2026,Y
R277297,RS052122,1986688255,R277297,1986688255,SSO,24.0153168912111,90.8270755782723,9/19/2026,Y
R247796,RS052122,1986688255,R247796,1986688255,SSO,24.0112745875219,90.7972869649529,9/19/2026,Y
R640315,RS053954,1908437930,R640315,1908437930,LSO,23.9625680025454,90.7546214014292,9/17/2026,Y
R300398,RS053954,1908437930,R300398,1908437930,LSO,23.9610808302584,90.7632463797927,9/17/2026,Y
R495003,RS050418,1967037600,R495003,1967037600,SSO,24.0417854948383,90.7379236444831,9/17/2026,Y
R195322,RS050418,1967037600,R195322,1967037600,SSO,24.0417741657912,90.7377479597926,9/17/2026,Y
R407948,RS050418,1967037600,R407948,1967037600,LSO,24.0417499767414,90.7378767058253,9/17/2026,Y
R015402,RS050418,1967037600,R015402,1967037600,SSO,24.0418228500675,90.7378411665559,9/17/2026,Y
R361208,RS050418,1967037600,R361208,1967037600,LSO,24.0418914366896,90.7380316033959,9/17/2026,Y
R186461,RS050418,1967037600,R186461,1967037600,SSO,24.0418060095966,90.7377891987562,9/17/2026,Y
R345216,RS055630,1915239231,R345216,1915239231,LSO,23.9097441897274,90.6879493966699,9/17/2026,Y
R631220,RS055630,1915239231,R631220,1915239231,LSO,23.9346449673171,90.7078326120973,9/17/2026,Y
R238835,RS055317,1984220463,R238835,1984220463,LSO,23.9977774753641,90.7675245031714,9/17/2026,Y
R640309,RS052122,1986688255,R640309,1986688255,LSO,24.0212856337087,90.8116196841002,9/17/2026,Y
R280079,RS050418,1967037600,R280079,1967037600,LSO,24.0081647539817,90.7058739289641,9/17/2026,Y
R495005,RS050418,1967037600,R495005,1967037600,LSO,24.041719663875,90.7380047813058,9/17/2026,Y
R300378,RS050418,1967037600,R300378,1967037600,LSO,24.0418589805248,90.737902186811,9/17/2026,Y
R256400,RS050418,1967037600,R256400,1967037600,SSO,24.0417900876949,90.7378582656384,9/17/2026,Y
R407909,RS050419,1915238808,R407909,1915238808,LSO,24.0368297068336,90.7376872748137,9/16/2026,Y
R200528,RS050424,1409865178,R200528,1409865178,LSO,24.0865001878861,90.7966318354011,9/16/2026,Y
R608893,RS055630,1915239231,R608893,1915239231,LSO,24.0421143429585,90.7385452464223,9/16/2026,Y
R157368,RS050418,1967037600,R157368,1967037600,LSO,24.0075745692842,90.7364226132631,9/16/2026,Y
R597393,RS050418,1967037600,R597393,1967037600,LSO,24.0419606356551,90.7379809767008,9/16/2026,Y
R567268,RS050424,1409865178,R567268,1409865178,LSO,24.0693402902501,90.7758081704378,9/15/2026,Y
R567251,RS050418,1967037600,R567251,1967037600,LSO,24.0367280476426,90.7378099858761,9/15/2026,Y
R361405,RS050424,1409865178,R361405,1409865178,SSO,24.0867392390763,90.796806178987,9/15/2026,Y
R538413,RS050418,1967037600,R538413,1967037600,LSO,24.0093993246315,90.7061706483364,9/15/2026,Y
R567185,RS050430,1915239243,R567185,1915239243,LSO,24.0373511682266,90.7189523801208,9/15/2026,Y
R407936,RS052122,1986688255,R407936,1986688255,SSO,24.0133785980997,90.8283596858382,9/15/2026,Y
R458672,RS050418,1967037600,R458672,1967037600,SSO,24.0419220557055,90.7376980036497,9/15/2026,Y
R538423,RS050418,1967037600,R538423,1967037600,SSO,24.0368294006314,90.7376420125365,9/14/2026,Y
R567242,RS050424,1409865178,R567242,1409865178,LSO,24.0875717826346,90.7971850410104,9/14/2026,Y
R385375,RS053954,1908437930,R385375,1908437930,LSO,23.9608118261049,90.7633489742875,9/14/2026,Y
R631216,RS055317,1984220463,R631216,1984220463,LSO,23.9900828018402,90.7517450675368,9/14/2026,Y
R361073,RS055630,1915239231,R361073,1915239231,LSO,24.0816159163403,90.7333303615451,9/14/2026,Y
R287465,RS050418,1967037600,R287465,1967037600,LSO,24.0366511907912,90.7376389950514,9/13/2026,Y
R567256,RS050418,1967037600,R567256,1967037600,LSO,24.0084924630494,90.7418487221003,9/13/2026,Y
R403163,RS050418,1967037600,R403163,1967037600,SSO,24.0072661530589,90.7366147264838,9/13/2026,Y
R385368,RS050419,1915238808,R385368,1915238808,SSO,24.0464036823316,90.6804559752345,9/13/2026,Y
R530365,RS053954,1908437930,R530365,1908437930,LSO,23.9624233915721,90.7396553456783,9/13/2026,Y
R585574,RS055630,1915239231,R585574,1915239231,LSO,24.0425408644524,90.7379957288504,9/13/2026,Y
R084283,RS050418,1967037600,R084283,1967037600,SSO,24.0081108503542,90.7052989304066,9/13/2026,Y
R538414,RS050418,1967037600,R538414,1967037600,LSO,24.0181536862409,90.7046149671078,9/13/2026,Y
R200585,RS050424,1409865178,R200585,1409865178,SSO,24.0719609972253,90.6390064582229,9/13/2026,Y
R534527,RS050424,1409865178,R534527,1409865178,LSO,24.0886779553045,90.7977754622698,9/12/2026,Y
R438289,RS055317,1984220463,R438289,1984220463,LSO,23.9984491791434,90.7673883810639,9/12/2026,Y
R487378,RS055317,1984220463,R487378,1984220463,LSO,23.9973569312681,90.7674373313785,9/12/2026,Y
R361118,RS055317,1984220463,R361118,1984220463,LSO,23.9827050278594,90.7426520437002,9/12/2026,Y
R233678,RS055317,1984220463,R233678,1984220463,LSO,23.9894959036795,90.7517135515809,9/10/2026,Y
R055255,RS050418,1967037600,R055255,1967037600,LSO,24.0073019869582,90.7361979782581,9/10/2026,Y
R640319,RS053954,1908437930,R640319,1908437930,LSO,23.9626528695029,90.7388345897198,9/10/2026,Y
R313826,RS050418,1967037600,R313826,1967037600,LSO,24.0022872879337,90.720699839294,9/10/2026,Y
R109565,RS050424,1409865178,R109565,1409865178,LSO,24.0889320002529,90.7979907095432,9/10/2026,Y
R487334,RS055317,1984220463,R487334,1984220463,LSO,23.981973200705,90.7778902351856,9/10/2026,Y
R245767,RS052122,1986688255,R245767,1986688255,LSO,24.0115416487047,90.7973952591419,9/10/2026,Y
R567253,RS050418,1967037600,R567253,1967037600,LSO,24.0081494404535,90.7052979245782,9/10/2026,Y
R631212,RS055317,1984220463,R631212,1984220463,LSO,23.9775456955985,90.7703284174204,9/10/2026,Y
R263978,RS050418,1967037600,R263978,1967037600,LSO,24.0416657743173,90.7378009334207,9/10/2026,Y
R597405,RS053954,1908437930,R597405,1908437930,LSO,23.9613620891263,90.7365255430341,9/10/2026,Y
R463763,RS055317,1984220463,R463763,1984220463,LSO,23.9685542029995,90.7513816282153,9/10/2026,Y
R335094,RS050424,1409865178,R335094,1409865178,LSO,24.0839171210446,90.7947754114866,9/9/2026,Y
R015724,RS053954,1908437930,R015724,1908437930,SSO,23.9620361274888,90.7390106096864,9/9/2026,Y
R239919,RS055317,1984220463,R239919,1984220463,SSO,24.0421293462512,90.7380775362253,9/7/2026,Y
R458770,RS055317,1984220463,R458770,1984220463,SSO,23.9987309690148,90.7673944160342,9/7/2026,Y
R247802,RS052122,1986688255,R247802,1986688255,LSO,24.0385692301035,90.8095372840762,9/7/2026,Y
R223762,RS050418,1967037600,R223762,1967037600,LSO,24.0385278933513,90.7353547587991,9/7/2026,Y
R200640,RS050418,1967037600,R200640,1967037600,SSO,24.0366634388981,90.737511254847,9/7/2026,Y
R200651,RS055317,1984220463,R200651,1984220463,LSO,24.0021320015789,90.7661324366927,9/7/2026,Y
R280070,RS052122,1986688255,R280070,1986688255,LSO,24.0141969172253,90.8279392495751,9/7/2026,Y
R508223,RS055630,1915239231,R508223,1915239231,SSO,24.081453073474,90.7333930581808,9/7/2026,Y
R519716,RS053954,1908437930,R519716,1908437930,LSO,23.9720948121292,90.7254875823855,9/7/2026,Y
R345223,RS055630,1915239231,R345223,1915239231,LSO,24.0798775886711,90.7339579984546,9/7/2026,Y
R015410,RS050424,1409865178,R015410,1409865178,LSO,24.0434839220235,90.7388506829739,9/7/2026,Y
R015738,RS052122,1986688255,R015738,1986688255,SSO,24.0138042961988,90.8287097141147,9/6/2026,Y
R333516,RS050419,1915238808,R333516,1915238808,LSO,24.0681586433791,90.6917182356119,9/6/2026,Y
R161394,RS052122,1986688255,R161394,1986688255,SSO,24.013527133208,90.8284230530262,9/6/2026,Y
R242896,RS052122,1986688255,R242896,1986688255,SSO,24.0140523642255,90.8280391618609,9/6/2026,Y
R608889,RS050419,1915238808,R608889,1915238808,LSO,24.0674655687508,90.6917175650597,9/6/2026,Y
R640318,RS053954,1908437930,R640318,1908437930,LSO,23.9619647408654,90.7384108006954,9/6/2026,Y
R247798,RS053954,1908437930,R247798,1908437930,LSO,23.9623985748421,90.7396640628576,9/3/2026,Y
R247634,RS050424,1409865178,R247634,1409865178,SSO,24.0870820517847,90.7969610765576,9/3/2026,Y
R529837,RS053954,1908437930,R529837,1908437930,LSO,23.9713215663483,90.7265597954392,9/3/2026,Y
R487332,RS055317,1984220463,R487332,1984220463,LSO,24.0420301407733,90.7379041984677,9/3/2026,Y
R487181,RS053954,1908437930,R487181,1908437930,LSO,23.9624350339869,90.7395175471902,9/2/2026,Y
R494981,RS050424,1409865178,R494981,1409865178,LSO,24.0719043652962,90.7819366827607,9/2/2026,Y
R538421,RS050418,1967037600,R538421,1967037600,LSO,24.0220157061266,90.7799387723207,9/2/2026,Y
R444269,RS050424,1409865178,R444269,1409865178,LSO,24.0872164218729,90.797078423202,9/2/2026,Y
R277551,RS055317,1984220463,R277551,1984220463,SSO,23.9718313453875,90.7565676793456,9/2/2026,Y
R608869,RS050419,1915238808,R608869,1915238808,LSO,24.0466737323114,90.6804700568318,9/2/2026,Y
R276905,RS055317,1984220463,R276905,1984220463,SSO,23.9783326893956,90.7400868460536,9/2/2026,Y
R508356,RS055317,1984220463,R508356,1984220463,LSO,23.9780817954374,90.739665068686,9/2/2026,Y
R015772,RS053954,1908437930,R015772,1908437930,SSO,23.960643621628,90.7405334338546,9/1/2026,Y
R529470,RS050424,1409865178,R529470,1409865178,LSO,24.0722885435673,90.6575686857104,9/1/2026,Y
R200555,RS050424,1409865178,R200555,1409865178,LSO,24.072305380039,90.657554268837,9/1/2026,Y
R195321,RS052122,1986688255,R195321,1986688255,LSO,24.0153254663093,90.8270266279578,9/1/2026,Y
R597407,RS053954,1908437930,R597407,1908437930,LSO,23.9616549898659,90.7394169643521,9/1/2026,Y
R530437,RS053954,1908437930,R530437,1908437930,SSO,23.9621442796797,90.7387889921665,9/1/2026,Y
R494502,RS050419,1915238808,R494502,1915238808,LSO,24.0462401824079,90.6803758442402,9/1/2026,Y
R287443,RS050419,1915238808,R287443,1915238808,SSO,24.0464419547555,90.6803433224559,9/1/2026,Y
R247793,RS052122,1986688255,R247793,1986688255,SSO,24.0201041570609,90.8092848211527,9/1/2026,Y
R225721,RS050419,1915238808,R225721,1915238808,SSO,24.0521220683426,90.7004193216562,9/1/2026,Y
R606112,RS050419,1915238808,R606112,1915238808,LSO,24.0516401624676,90.700035430491,9/1/2026,Y
R300224,RS050418,1967037600,R300224,1967037600,LSO,24.089291947414,90.7980996742845,8/31/2026,Y
R403178,RS050424,1409865178,R403178,1409865178,LSO,24.067576387472,90.7661813870072,8/31/2026,Y
R407924,RS055630,1915239231,R407924,1915239231,LSO,24.0792987530788,90.7347274571657,8/31/2026,Y
R606634,RS053954,1908437930,R606634,1908437930,LSO,23.962489263116,90.7397633045912,8/30/2026,Y
R334347,RS050424,1409865178,R334347,1409865178,LSO,24.0882935200634,90.7969315722585,8/30/2026,Y
R528710,RS055317,1984220463,R528710,1984220463,SSO,23.9821024731125,90.7777712121606,8/30/2026,Y
R212215,RS055317,1984220463,R212215,1984220463,SSO,23.9819076454535,90.7695120200515,8/30/2026,Y
R538399,RS050419,1915238808,R538399,1915238808,LSO,24.0677527176156,90.6923472136259,8/30/2026,Y
R293394,RS052122,1986688255,R293394,1986688255,SSO,24.0643883211623,90.8040062338114,8/30/2026,Y
R238838,RS052122,1986688255,R238838,1986688255,LSO,24.0642416816761,90.8039834350348,8/30/2026,Y
R463738,RS052122,1986688255,R463738,1986688255,LSO,24.0643090317741,90.8046965673566,8/30/2026,Y
R300208,RS050419,1915238808,R300208,1915238808,LSO,24.0518538668209,90.6930613517761,8/29/2026,Y
R174996,RS053954,1908437930,R174996,1908437930,LSO,23.9615986157166,90.7397344708443,8/29/2026,Y
R276900,RS050424,1409865178,R276900,1409865178,LSO,24.0678479235472,90.7662165910006,8/29/2026,Y
R585580,RS050418,1967037600,R585580,1967037600,LSO,24.0348984746549,90.7351468876004,8/27/2026,Y
R186460,RS055317,1984220463,R186460,1984220463,LSO,23.9894971289394,90.7516810297966,8/27/2026,Y
R247629,RS052122,1986688255,R247629,1986688255,LSO,24.0197902585106,90.8098869770765,8/27/2026,Y
R334341,RS050424,1409865178,R334341,1409865178,LSO,24.0889344488765,90.7979437708855,8/27/2026,Y
R234196,RS053954,1908437930,R234196,1908437930,SSO,23.9617704955185,90.739723071456,8/27/2026,Y
R335072,RS053954,1908437930,R335072,1908437930,LSO,23.9608253069642,90.7391923293471,8/27/2026,Y
R567237,RS051661,1949272018,R567237,1949272018,SSO,23.9796573033651,90.7333642244339,8/27/2026,Y
R195307,RS050424,1409865178,R195307,1409865178,LSO,24.0879516288364,90.7974224165082,8/27/2026,Y
R288849,RS055630,1915239231,R288849,1915239231,SSO,24.0423886886045,90.7381405681372,8/27/2026,Y
R606110,RS050419,1915238808,R606110,1915238808,LSO,24.0462781487009,90.6799044460058,8/27/2026,Y
R361062,RS050424,1409865178,R361062,1409865178,LSO,24.0863122523224,90.7965456694365,8/27/2026,Y
R585576,RS055630,1915239231,R585576,1915239231,LSO,24.0815813275533,90.7335861772299,8/27/2026,Y
R585573,RS055630,1915239231,R585573,1915239231,LSO,24.0814230760814,90.7334272563457,8/27/2026,Y
R494983,RS050424,1409865178,R494983,1409865178,LSO,24.0675815916637,90.7661954686046,8/27/2026,Y
R567232,RS050424,1409865178,R567232,1409865178,LSO,24.0680775195547,90.766085498035,8/27/2026,Y
R298708,RS055630,1915239231,R298708,1915239231,SSO,24.0805611071874,90.7332488894463,8/27/2026,Y
R263971,RS055630,1915239231,R263971,1915239231,LSO,24.0804536667664,90.7331855222583,8/27/2026,Y
R192630,RS055630,1915239231,R192630,1915239231,LSO,24.0795194516748,90.734709687531,8/27/2026,Y
R015347,RS055630,1915239231,R015347,1915239231,SSO,24.0419551242345,90.7386005669832,8/27/2026,Y
R534677,RS052122,1986688255,R534677,1986688255,LSO,24.0633489834013,90.8113511279225,8/26/2026,Y
R255453,RS050418,1967037600,R255453,1967037600,LSO,24.0216228027357,90.7799267023802,8/26/2026,Y
R186449,RS050419,1915238808,R186449,1915238808,LSO,24.0507743194127,90.6885217130184,8/26/2026,Y
R233695,RS050418,1967037600,R233695,1967037600,LSO,24.0418467329133,90.7380651310086,8/25/2026,Y
R529824,RS050424,1409865178,R529824,1409865178,LSO,24.0420454502656,90.7378575950861,8/24/2026,Y
R494881,RS050424,1409865178,R494881,1409865178,LSO,24.0717644690185,90.6717763468623,8/24/2026,Y
R361432,RS053954,1908437930,R361432,1908437930,LSO,23.9607652558527,90.763532705605,8/24/2026,Y
R200646,RS050430,1915239243,R200646,1915239243,LSO,24.0370829358543,90.7311430200934,8/24/2026,Y
R606590,RS055317,1984220463,R606590,1984220463,LSO,23.9967988582485,90.7671885564923,8/22/2026,Y
R528664,RS055317,1984220463,R528664,1984220463,LSO,23.9992731064883,90.7673679292202,8/22/2026,Y
R640314,RS050418,1967037600,R640314,1967037600,LSO,24.0078171364414,90.7041368633509,8/20/2026,Y
R640351,RS050419,1915238808,R640351,1915238808,LSO,24.0528195121423,90.7205979153514,8/20/2026,Y
R345202,RS050419,1915238808,R345202,1915238808,SSO,24.0521894248011,90.7205600291491,8/20/2026,Y
R585575,RS055630,1915239231,R585575,1915239231,LSO,24.0772206168789,90.7150631770492,8/20/2026,Y
R333557,RS050418,1967037600,R333557,1967037600,LSO,24.0207062276476,90.7239077612758,8/19/2026,Y
R300223,RS050424,1409865178,R300223,1409865178,LSO,24.0860621812834,90.7962452620268,8/18/2026,Y
R283465,RS052122,1986688255,R283465,1986688255,LSO,24.0207555323877,90.8075849711895,8/18/2026,Y
R487148,RS050418,1967037600,R487148,1967037600,LSO,24.0072692157858,90.7376017794013,8/17/2026,Y
R277550,RS053954,1908437930,R277550,1908437930,LSO,23.9610894089693,90.7361899316311,8/17/2026,Y
R508310,RS050424,1409865178,R508310,1409865178,LSO,24.0680478251608,90.765176564455,8/17/2026,Y
R255457,RS050424,1409865178,R255457,1409865178,LSO,24.0715553896143,90.6386155262589,8/15/2026,Y
R395124,RS050424,1409865178,R395124,1409865178,LSO,24.0497302788262,90.6498419120908,8/15/2026,Y
R255424,RS051661,1949272018,R255424,1949272018,LSO,23.9806179769451,90.7358999177814,8/13/2026,Y
R255454,RS055630,1915239231,R255454,1915239231,LSO,24.0728603701296,90.7354151085019,8/13/2026,Y
R608891,RS050424,1409865178,R608891,1409865178,LSO,24.0430430128522,90.7381999120116,8/12/2026,Y
R631174,RS050419,1915238808,R631174,1915238808,LSO,24.0674683239135,90.6921859458089,8/12/2026,Y
R487338,RS055317,1984220463,R487338,1984220463,LSO,23.9859934505819,90.7467960566282,8/12/2026,Y
R534560,RS050418,1967037600,R534560,1967037600,LSO,24.0216120843879,90.7916754484177,8/12/2026,Y
R608863,RS050419,1915238808,R608863,1915238808,LSO,24.0501362615998,90.6881599500775,8/12/2026,Y
R345270,RS050424,1409865178,R345270,1409865178,LSO,24.0611652751945,90.7581468299031,8/11/2026,Y
R239939,RS051661,1949272018,R239939,1949272018,LSO,23.9805472132875,90.7330343127251,8/11/2026,Y
R385373,RS050419,1915238808,R385373,1915238808,LSO,24.0515636207072,90.7130387797952,8/10/2026,Y
R300210,RS050424,1409865178,R300210,1409865178,LSO,24.0420570854786,90.7376782223582,8/9/2026,Y
R361081,RS055630,1915239231,R361081,1915239231,LSO,24.0807227267965,90.733277387917,8/9/2026,Y
R015350,RS055630,1915239231,R015350,1915239231,LSO,24.0814913354443,90.7336723431945,8/9/2026,Y
R438286,RS055630,1915239231,R438286,1915239231,LSO,24.0826670436994,90.7337668910623,8/9/2026,Y
R640329,RS055630,1915239231,R640329,1915239231,LSO,24.082048734532,90.7334731891751,8/9/2026,Y
R585583,RS055630,1915239231,R585583,1915239231,SSO,24.081820694012,90.7332968339324,8/9/2026,Y
R585577,RS055630,1915239231,R585577,1915239231,LSO,23.7591952553261,90.7215782627463,8/8/2026,Y
R215381,RS055317,1984220463,R215381,1984220463,LSO,23.9926787832746,90.7570984214544,8/8/2026,Y
R335073,RS052122,1986688255,R335073,1986688255,LSO,24.0249625963964,90.8166588842869,8/6/2026,Y
R460303,RS050419,1915238808,R460303,1915238808,LSO,24.0518863204595,90.7011321187019,8/6/2026,Y
R170024,RS055630,1915239231,R170024,1915239231,LSO,24.0772656144402,90.7146990671754,8/6/2026,Y
R438285,RS055630,1915239231,R438285,1915239231,LSO,24.0620484982567,90.7362274825573,8/6/2026,Y
R238848,RS050419,1915238808,R238848,1915238808,LSO,24.0419820689555,90.7378233969212,8/5/2026,Y
R595089,RS053954,1908437930,R595089,1908437930,SSO,23.9618578140466,90.7377969101071,8/4/2026,Y
R631180,RS050419,1915238808,R631180,1915238808,LSO,24.0669381070611,90.6918302178383,8/1/2026,Y
R487171,RS051661,1949272018,R487171,1949272018,LSO,23.9807285642284,90.7335050404072,8/1/2026,Y
R494486,RS050424,1409865178,R494486,1409865178,SSO,24.0248183617309,90.6698723137379,8/1/2026,Y
R186468,RS050424,1409865178,R186468,1409865178,SSO,24.0713729423009,90.6719369441271,8/1/2026,Y
R015699,RS052122,1986688255,R015699,1986688255,SSO,24.0118672053369,90.7973778247833,7/30/2026,Y
R567036,RS050424,1409865178,R567036,1409865178,SSO,24.0731153647715,90.6381216645241,7/29/2026,Y
R361431,RS052122,1986688255,R361431,1986688255,LSO,24.0266832942856,90.8197849988937,7/28/2026,Y
R186445,RS050418,1967037600,R186445,1967037600,LSO,24.0127673054152,90.7374401763082,7/28/2026,N
R334290,RS050418,1967037600,R334290,1967037600,LSO,24.0162080858552,90.7369674369693,7/28/2026,Y
R247633,RS052122,1986688255,R247633,1986688255,SSO,24.0642738260454,90.8046338707209,7/28/2026,Y
R606109,RS050419,1915238808,R606109,1915238808,LSO,24.0520017451265,90.7010050490499,7/28/2026,N
R200653,RS052122,1986688255,R200653,1986688255,LSO,24.0249803577665,90.8166250213981,7/27/2026,Y
R333506,RS051661,1949272018,R333506,1949272018,SSO,24.0420656587927,90.7376145198941,7/25/2026,Y
R287463,RS050418,1967037600,R287463,1967037600,LSO,24.0366322062232,90.7381449267268,7/25/2026,N
R195288,RS051661,1949272018,R195288,1949272018,LSO,23.976197777576,90.7299088686705,7/25/2026,Y
R458650,RS050424,1409865178,R458650,1409865178,LSO,24.0716952861201,90.6718464195728,7/25/2026,Y
R631168,RS050424,1409865178,R631168,1409865178,LSO,24.0540848822857,90.6463322415948,7/25/2026,Y
R460301,RS050424,1409865178,R460301,1409865178,LSO,24.0498095772215,90.6499153375626,7/25/2026,Y
R529823,RS050419,1915238808,R529823,1915238808,LSO,24.0452328468252,90.7378988340497,7/25/2026,Y
R174997,RS051661,1949272018,R174997,1949272018,LSO,23.9764299880954,90.7321706414223,7/23/2026,Y
R287433,RS050419,1915238808,R287433,1915238808,LSO,24.0501898414325,90.7206415012479,7/23/2026,Y
R361071,RS055630,1915239231,R361071,1915239231,LSO,24.062033803434,90.7364571467042,7/23/2026,Y
R460292,RS050419,1915238808,R460292,1915238808,LSO,24.0420041146321,90.7377221435308,7/22/2026,Y
R519790,RS052122,1986688255,R519790,1986688255,LSO,24.0255701563527,90.8160178363323,7/22/2026,Y
R334292,RS050418,1967037600,R334292,1967037600,LSO,24.0182630162877,90.7223500683904,7/22/2026,Y
R528496,RS051661,1949272018,R528496,1949272018,LSO,23.9803563656533,90.7336381450295,7/21/2026,Y
R567041,RS050430,1915239243,R567041,1915239243,LSO,24.0384449136086,90.7347643375397,7/20/2026,Y
R098307,RS050429,1986688259,R098307,1986688259,SSO,24.0395153787948,90.7396586984396,7/19/2026,Y
R313838,RS050429,1986688259,R313838,1986688259,LSO,24.0389066599832,90.7384815439582,7/19/2026,Y
R407947,RS050424,1409865178,R407947,1409865178,LSO,24.0727366990764,90.6392398104072,7/18/2026,Y
R335722,RS051661,1949272018,R335722,1949272018,SSO,23.9783443303732,90.7318598404527,7/18/2026,Y
R494996,RS050424,1409865178,R494996,1409865178,LSO,24.0718951817378,90.6387509778142,7/18/2026,Y
R209194,RS051661,1949272018,R209194,1949272018,LSO,23.9806703604069,90.733515098691,7/16/2026,Y
R360925,RS052122,1986688255,R360925,1986688255,LSO,24.0123376224957,90.79744823277,7/16/2026,Y
R333542,RS055317,1984220463,R333542,1984220463,LSO,23.9829718419993,90.7416100054979,7/15/2026,Y
R529821,RS050419,1915238808,R529821,1915238808,LSO,24.0676063881038,90.6915479153395,7/15/2026,Y
R414775,RS052122,1986688255,R414775,1986688255,LSO,24.0248526595853,90.8169995248318,7/15/2026,Y
R609021,RS053954,1908437930,R609021,1908437930,LSO,23.9629797752757,90.7545620575547,7/15/2026,N
R538436,RS055630,1915239231,R538436,1915239231,LSO,24.0816385673993,90.7333397492766,7/15/2026,Y
R313829,RS050418,1967037600,R313829,1967037600,LSO,24.0419379775909,90.7379236444831,7/15/2026,Y
R191736,RS051661,1949272018,R191736,1949272018,LSO,23.9802411829957,90.733726657927,7/14/2026,Y
R215353,RS051661,1949272018,R215353,1949272018,LSO,24.0420742321062,90.7378408312798,7/14/2026,Y
R631210,RS055317,1984220463,R631210,1984220463,LSO,24.0420668835518,90.7378364726901,7/13/2026,Y
R242888,RS051661,1949272018,R242888,1949272018,SSO,23.9803419678268,90.7330986857414,7/13/2026,Y
R335080,RS051661,1949272018,R335080,1949272018,LSO,23.9806939482746,90.7337216287851,7/13/2026,Y
R095451,RS050424,1409865178,R095451,1409865178,SSO,24.0713512077882,90.6390379741788,7/13/2026,Y
R160448,RS052122,1986688255,R160448,1986688255,LSO,24.0249227864199,90.8166977763176,7/13/2026,Y
R414772,RS053954,1908437930,R414772,1908437930,LSO,23.9615918753276,90.7394682615995,7/12/2026,Y
R640332,RS050424,1409865178,R640332,1409865178,LSO,24.0430534232251,90.7382069528103,7/11/2026,Y
R015703,RS052122,1986688255,R015703,1986688255,SSO,23.9938482596363,90.8027013391256,7/9/2026,Y
R460295,RS050419,1915238808,R460295,1915238808,LSO,24.0471838251681,90.6802460923791,7/8/2026,Y
R227471,RS052122,1986688255,R227471,1986688255,SSO,24.0643029090393,90.8045084774494,7/7/2026,Y
R487360,RS052122,1986688255,R487360,1986688255,LSO,24.0141708854471,90.8287549763918,7/6/2026,Y
R300225,RS052122,1986688255,R300225,1986688255,LSO,24.0305808853241,90.8259061351418,7/6/2026,Y
R114727,RS051661,1949272018,R114727,1949272018,SSO,23.9803937387275,90.7336632907391,7/6/2026,Y
R280062,RS052122,1986688255,R280062,1986688255,LSO,24.0112745875219,90.7974391803145,7/6/2026,Y
R567270,RS055317,1984220463,R567270,1984220463,LSO,23.998966814411,90.7674054801464,7/5/2026,Y
R640305,RS052122,1986688255,R640305,1986688255,LSO,24.0249870948373,90.8166582137346,7/5/2026,Y
R090489,RS052122,1986688255,R090489,1986688255,LSO,24.0251034623678,90.8164697885513,7/5/2026,Y
R345205,RS050419,1915238808,R345205,1915238808,LSO,24.0519059151052,90.7011475414038,7/5/2026,Y
R395108,RS053954,1908437930,R395108,1908437930,LSO,23.9617864273245,90.737542770803,7/4/2026,Y
R640306,RS052122,1986688255,R640306,1986688255,LSO,24.0139179175396,90.8285517990589,7/2/2026,Y
R400428,RS052122,1986688255,R400428,1986688255,LSO,24.0144759163057,90.8164023980498,7/2/2026,Y
R242931,RS050429,1986688259,R242931,1986688259,SSO,24.0420791311423,90.737844184041,7/2/2026,Y
R333521,RS050419,1915238808,R333521,1915238808,LSO,24.067948333585,90.6928286701441,7/1/2026,Y
R239937,RS050424,1409865178,R239937,1409865178,SSO,24.0718734473136,90.6714145839214,7/1/2026,Y
R015733,RS051661,1949272018,R015733,1949272018,SSO,23.9799483244982,90.7340984791517,7/1/2026,Y
R463754,RS052122,1986688255,R463754,1986688255,LSO,24.0138355344211,90.8287003263831,7/1/2026,Y
R529465,RS055081,1949272016,R529465,1949272016,LSO,23.9474169768523,90.709940828383,6/30/2026,Y
R487177,RS050418,1967037600,R487177,1967037600,SSO,24.0339363690845,90.7372396811843,6/29/2026,Y
R608886,RS050419,1915238808,R608886,1915238808,LSO,24.0504023235205,90.6882109120488,6/29/2026,Y
R280059,RS052122,1986688255,R280059,1986688255,LSO,24.0249188054216,90.8167051523924,6/28/2026,Y
R599732,RS052122,1986688255,R599732,1986688255,SSO,24.013342459635,90.8283117413521,6/28/2026,Y
R609025,RS053954,1908437930,R609025,1908437930,LSO,23.9621047566516,90.7396630570292,6/25/2026,Y
R487163,RS050429,1986688259,R487163,1986688259,LSO,24.0404449860612,90.7390659302473,6/25/2026,Y
R280072,RS052122,1986688255,R280072,1986688255,LSO,24.0197605529496,90.8089331164956,6/24/2026,Y
R606103,RS051661,1949272018,R606103,1949272018,LSO,23.9803015313691,90.7331322133541,6/23/2026,Y
R538417,RS050418,1967037600,R538417,1967037600,LSO,23.978051161221,90.6856822595,6/21/2026,Y
R631171,RS052122,1986688255,R631171,1986688255,LSO,24.0643001538086,90.8044880256057,6/20/2026,Y
R407959,RS051661,1949272018,R407959,1949272018,SSO,23.9794189718843,90.7328921556473,6/18/2026,Y
R487278,RS052122,1986688255,R487278,1986688255,LSO,24.0132392505741,90.8282896131277,6/18/2026,Y
R247791,RS055317,1984220463,R247791,1984220463,SSO,24.0676229190612,90.7664113864303,6/18/2026,Y
R345259,RS050418,1967037600,R345259,1967037600,LSO,24.0024563568879,90.720602273941,6/16/2026,Y
R606117,RS050418,1967037600,R606117,1967037600,LSO,24.024569395781,90.7212506979704,6/15/2026,Y
R458669,RS050418,1967037600,R458669,1967037600,LSO,24.0243611582078,90.7211611792445,6/15/2026,Y
R200637,RS050430,1915239243,R200637,1915239243,LSO,24.0380094987296,90.7345876470208,6/11/2026,Y
R279976,RS050418,1967037600,R279976,1967037600,LSO,24.0019044316909,90.7222535088658,6/11/2026,Y
R338061,RS055317,1984220463,R338061,1984220463,LSO,23.9928052881709,90.7567789033055,6/11/2026,Y
R519773,RS055317,1984220463,R519773,1984220463,LSO,23.982488145235,90.742416344583,6/11/2026,Y
R015763,RS055317,1984220463,R015763,1984220463,SSO,23.981922962104,90.7696729525924,6/10/2026,Y
R195337,RS055317,1984220463,R195337,1984220463,LSO,23.9896358895485,90.7516253739595,6/10/2026,Y
R191735,RS053954,1908437930,R191735,1908437930,LSO,23.9721759965399,90.7262697815895,6/9/2026,Y
R345258,RS050418,1967037600,R345258,1967037600,LSO,24.0195253581622,90.7222008705139,6/8/2026,Y
R333549,RS052122,1986688255,R333549,1986688255,LSO,24.0251745077557,90.8164533600211,6/7/2026,Y
R487372,RS055317,1984220463,R487372,1984220463,LSO,24.0420846425577,90.7379119098186,6/7/2026,Y
R631214,RS055317,1984220463,R631214,1984220463,SSO,24.0420687206904,90.7378867641091,6/7/2026,Y
R352345,RS050424,1409865178,R352345,1409865178,LSO,24.088124870163,90.7975062355399,6/6/2026,Y
R247625,RS050424,1409865178,R247625,1409865178,LSO,24.0889595472652,90.7988989725709,6/6/2026,Y
R529471,RS050419,1915238808,R529471,1915238808,LSO,24.0675574074768,90.6926677376032,6/6/2026,Y
R444259,RS050430,1915239243,R444259,1915239243,LSO,24.0420240169758,90.737915597856,6/6/2026,Y
R192623,RS050418,1967037600,R192623,1967037600,SSO,24.0391699894006,90.737823061645,6/4/2026,Y
R335088,RS050424,1409865178,R335088,1409865178,LSO,24.0866777163414,90.7968159019947,6/4/2026,Y
R597385,RS055081,1949272016,R597385,1949272016,LSO,23.9409627961485,90.7099609449506,6/2/2026,Y
R508339,RS055081,1949272016,R508339,1949272016,LSO,23.9409925198874,90.7099391520023,6/2/2026,Y
R015692,RS055081,1949272016,R015692,1949272016,SSO,23.9409762790825,90.7099582627416,6/2/2026,Y
R595073,RS050419,1915238808,R595073,1915238808,SSO,24.0663720706009,90.6913128867745,6/2/2026,Y
R528384,RS055081,1949272016,R528384,1949272016,LSO,23.9410387908489,90.709039606154,6/2/2026,Y
R334179,RS055081,1949272016,R334179,1949272016,SSO,23.941099157575,90.7101275771856,6/2/2026,Y
R160093,RS055081,1949272016,R160093,1949272016,SSO,23.9611690684007,90.7191434875131,6/1/2026,Y
R218100,RS053954,1908437930,R218100,1908437930,SSO,23.9616629557763,90.7396640628576,6/1/2026,Y
R407956,RS055081,1949272016,R407956,1949272016,LSO,24.042080662091,90.7376638054848,6/1/2026,Y
R487238,RS050424,1409865178,R487238,1409865178,LSO,24.0420671897416,90.737833455205,5/26/2026,Y
R631178,RS052122,1986688255,R631178,1986688255,LSO,24.0420803559013,90.7378475368023,5/26/2026,Y
R640327,RS055630,1915239231,R640327,1915239231,LSO,24.0420674959314,90.7378200441599,5/26/2026,Y
R233712,RS050429,1986688259,R233712,1986688259,LSO,24.0420276912543,90.7378358021379,5/26/2026,Y
R640350,RS050430,1915239243,R640350,1915239243,LSO,24.0420800497115,90.7378394901752,5/26/2026,Y
R640344,RS055317,1984220463,R640344,1984220463,LSO,24.042032896482,90.7378187030554,5/26/2026,Y
R640321,RS050419,1915238808,R640321,1915238808,LSO,24.0420503493028,90.7378562539816,5/26/2026,Y
R529468,RS055081,1949272016,R529468,1949272016,LSO,23.9483542969506,90.7128185033798,5/25/2026,Y
R335082,RS055081,1949272016,R335082,1949272016,SSO,23.9610005580071,90.7192668691278,5/25/2026,Y
R196368,RS055317,1984220463,R196368,1984220463,LSO,23.9864253657253,90.7584740594029,5/24/2026,Y
R015693,RS055081,1949272016,R015693,1949272016,SSO,23.9616801131201,90.719914957881,5/24/2026,Y
R407923,RS055317,1984220463,R407923,1984220463,LSO,23.9779430223788,90.739617459476,5/24/2026,Y
R215352,RS055081,1949272016,R215352,1949272016,SSO,23.9607851707652,90.7190392166376,5/24/2026,Y
R407911,RS055317,1984220463,R407911,1984220463,LSO,23.9717483226165,90.7567051425576,5/24/2026,Y
R233718,RS055081,1949272016,R233718,1949272016,LSO,23.9617781550409,90.7203887030482,5/24/2026,Y
R333562,RS055317,1984220463,R333562,1984220463,SSO,23.9811062757569,90.7695844396949,5/24/2026,Y
R015716,RS055081,1949272016,R015716,1949272016,SSO,23.9488344448828,90.7125529646873,5/24/2026,Y
R287462,RS055081,1949272016,R287462,1949272016,LSO,23.9471494762746,90.7146209478378,5/24/2026,Y
R077386,RS055317,1984220463,R077386,1984220463,LSO,23.9820868501507,90.778097435832,5/24/2026,Y
R597395,RS050418,1967037600,R597395,1967037600,LSO,24.0186050931727,90.7052466273308,5/24/2026,Y
R335757,RS055317,1984220463,R335757,1984220463,LSO,23.9833817115531,90.7708061859012,5/24/2026,Y
R156726,RS055081,1949272016,R156726,1949272016,LSO,23.9409024293586,90.7006228342652,5/24/2026,Y
R606123,RS050424,1409865178,R606123,1409865178,LSO,24.0852391166093,90.7953316345811,5/24/2026,Y
R595083,RS055317,1984220463,R595083,1984220463,SSO,24.0170521119266,90.7374810799956,5/24/2026,Y
R640313,RS050418,1967037600,R640313,1967037600,LSO,24.0420635154642,90.7378589361906,5/23/2026,Y
R015708,RS055317,1984220463,R015708,1984220463,SSO,23.9984850154983,90.7672492414713,5/23/2026,Y
R345275,RS050418,1967037600,R345275,1967037600,LSO,24.0346737186198,90.7372976839542,5/23/2026,Y
R407907,RS055317,1984220463,R407907,1984220463,LSO,23.9985753720751,90.7673870399594,5/23/2026,Y
R247622,RS055081,1949272016,R247622,1949272016,LSO,23.9535157169591,90.714983381331,5/23/2026,Y
R287436,RS050424,1409865178,R287436,1409865178,LSO,24.0717883462933,90.6380693614483,5/23/2026,Y
R169527,RS055081,1949272016,R169527,1949272016,SSO,23.953902393834,90.7140127569437,5/23/2026,Y
R195338,RS055081,1949272016,R195338,1949272016,LSO,23.9540562063415,90.7139011099935,5/23/2026,Y
R160206,RS055317,1984220463,R160206,1984220463,LSO,23.9889797619065,90.7515851408243,5/23/2026,Y
R640333,RS055081,1949272016,R640333,1949272016,LSO,24.0418892933582,90.7377151027322,5/21/2026,Y
R597403,RS055317,1984220463,R597403,1984220463,LSO,23.9805511956588,90.7415724545717,5/21/2026,Y
R306594,RS055317,1984220463,R306594,1984220463,LSO,23.9717722184749,90.7565991953015,5/21/2026,Y
R156708,RS055317,1984220463,R156708,1984220463,LSO,23.9987193298801,90.7673739641905,5/20/2026,Y
R640322,RS050419,1915238808,R640322,1915238808,LSO,23.935168374887,90.7154906541109,5/19/2026,Y
R218788,RS055081,1949272016,R218788,1949272016,LSO,23.9617181043732,90.719285979867,5/19/2026,Y
R463746,RS055317,1984220463,R463746,1984220463,LSO,23.9717133978925,90.7566514983773,5/19/2026,Y
R640348,RS055317,1984220463,R640348,1984220463,LSO,24.0795987316602,90.7328713685274,5/18/2026,Y
R609032,RS051661,1949272018,R609032,1949272018,LSO,24.0622171824552,90.7346855476499,5/17/2026,Y
R159961,RS051661,1949272018,R159961,1949272018,LSO,24.0622882073145,90.7347636669874,5/17/2026,Y
R595069,RS051661,1949272018,R595069,1949272018,SSO,24.0622490211901,90.7346842065454,5/17/2026,Y
R352337,RS051661,1949272018,R352337,1949272018,LSO,24.0622615729968,90.7346855476499,5/17/2026,Y
R589904,RS051661,1949272018,R589904,1949272018,SSO,24.0622582054391,90.734704323113,5/17/2026,Y
R529469,RS052122,1986688255,R529469,1986688255,LSO,24.0142477557417,90.8279613777995,5/14/2026,N
R200561,RS050429,1986688259,R200561,1986688259,LSO,24.0399814080479,90.7399808987975,5/14/2026,Y
R352947,RS055081,1949272016,R352947,1949272016,LSO,23.9558195218817,90.7143520563841,5/14/2026,Y
R606107,RS050424,1409865178,R606107,1409865178,LSO,24.0716833474746,90.6388596072793,5/13/2026,Y
R631181,RS055081,1949272016,R631181,1949272016,LSO,24.0420659649825,90.7378756999969,5/13/2026,Y
R407910,RS055317,1984220463,R407910,1984220463,SSO,23.9718834260652,90.7563990354538,5/12/2026,Y
R335093,RS050419,1915238808,R335093,1915238808,LSO,24.0521964666107,90.7011951506138,5/12/2026,Y
R567252,RS050418,1967037600,R567252,1967037600,LSO,24.0361597345385,90.7376983389258,5/11/2026,Y
R238796,RS050418,1967037600,R238796,1967037600,LSO,24.007927394089,90.7376108318567,5/11/2026,Y
R631195,RS052122,1986688255,R631195,1986688255,LSO,24.0547412900475,90.8060792461038,5/10/2026,Y
R215388,RS050418,1967037600,R215388,1967037600,LSO,24.0079825228773,90.706217251718,5/10/2026,Y
R361407,RS055081,1949272016,R361407,1949272016,LSO,23.9610578515656,90.7191230356693,5/10/2026,Y
R287452,RS055081,1949272016,R287452,1949272016,LSO,23.9611822428403,90.719431489706,5/10/2026,Y
R585585,RS051661,1949272018,R585585,1949272018,SSO,24.0420705578291,90.7378130033612,5/9/2026,Y
R608807,RS050418,1967037600,R608807,1967037600,LSO,24.0182204480172,90.7215517759323,5/9/2026,Y
R200639,RS050418,1967037600,R200639,1967037600,LSO,23.9966132417682,90.7028748840094,5/7/2026,Y
R640337,RS051661,1949272018,R640337,1949272018,LSO,23.9817094478313,90.7341692224145,5/7/2026,Y
R015771,RS053954,1908437930,R015771,1908437930,LSO,23.9621216075566,90.7388164848089,5/6/2026,Y
R163376,RS050418,1967037600,R163376,1967037600,SSO,24.0225693824442,90.7208986580372,5/6/2026,Y
R255467,RS050418,1967037600,R255467,1967037600,LSO,24.0199026495918,90.722016133368,5/6/2026,Y
R407949,RS050418,1967037600,R407949,1967037600,SSO,24.0163146612961,90.73635622859,5/6/2026,Y
R595096,RS051661,1949272018,R595096,1949272018,LSO,23.9803879183315,90.7331348955631,5/5/2026,Y
R640311,RS050418,1967037600,R640311,1967037600,LSO,24.0417175205408,90.737698674202,5/5/2026,Y
R463788,RS050424,1409865178,R463788,1409865178,SSO,24.0439643275849,90.7386438176036,5/4/2026,Y
R487175,RS051661,1949272018,R487175,1949272018,LSO,23.9798123104925,90.7345226034522,5/2/2026,Y
R334342,RS051661,1949272018,R334342,1949272018,LSO,23.9796389230609,90.7344917580485,5/2/2026,Y
R640330,RS050424,1409865178,R640330,1409865178,LSO,24.0866905718407,90.7968169078231,5/2/2026,Y
R334352,RS055081,1949272016,R334352,1949272016,LSO,23.9465544157267,90.7112313061953,4/29/2026,Y
R458743,RS051661,1949272018,R458743,1949272018,LSO,23.9804718545444,90.7330561056733,4/28/2026,Y
R585582,RS055630,1915239231,R585582,1915239231,LSO,24.0956125894681,90.7498128712177,4/27/2026,Y
R487146,RS055081,1949272016,R487146,1949272016,LSO,23.9534277799803,90.7151708006859,4/26/2026,Y
R528643,RS055317,1984220463,R528643,1984220463,LSO,23.9974717923193,90.7674795761704,4/25/2026,Y
R640338,RS051661,1949272018,R640338,1949272018,LSO,23.9806143009119,90.7325236871839,4/23/2026,Y
R352942,RS055081,1949272016,R352942,1949272016,LSO,23.9432891942733,90.709317214787,4/23/2026,Y
R463758,RS053954,1908437930,R463758,1908437930,LSO,23.9714585083917,90.7264910638332,4/21/2026,Y
R236083,RS055317,1984220463,R236083,1984220463,LSO,23.998973859137,90.767467841506,4/20/2026,Y
R015710,RS051661,1949272018,R015710,1949272018,SSO,23.9778247741359,90.7308335602283,4/20/2026,Y
R288865,RS052122,1986688255,R288865,1986688255,LSO,24.0195173958311,90.809867195785,4/20/2026,Y
R538433,RS055630,1915239231,R538433,1915239231,LSO,24.0817634542473,90.7334688305855,4/20/2026,Y
R463784,RS050429,1986688259,R463784,1986688259,LSO,24.0396409190359,90.7402179390192,4/19/2026,Y
R335734,RS053954,1908437930,R335734,1908437930,LSO,23.9618323844463,90.7354962453246,4/18/2026,Y
R538427,RS050429,1986688259,R538427,1986688259,LSO,24.0396605155503,90.740206874907,4/16/2026,Y
R300400,RS050424,1409865178,R300400,1409865178,LSO,24.0714727373401,90.6380214169621,4/13/2026,Y
R313968,RS055081,1949272016,R313968,1949272016,LSO,23.9498158776297,90.7127081975341,4/12/2026,Y
R335032,RS050429,1986688259,R335032,1986688259,LSO,24.0392272481676,90.7408184185624,4/12/2026,Y
R494934,RS050430,1915239243,R494934,1915239243,LSO,24.0348173298102,90.7232885062695,4/9/2026,Y
R606587,RS055317,1984220463,R606587,1984220463,LSO,24.041905827628,90.7378026098013,4/8/2026,Y
R345271,RS050429,1986688259,R345271,1986688259,LSO,24.0419306290286,90.7378052920103,4/8/2026,Y
R519762,RS052122,1986688255,R519762,1986688255,SSO,24.0419483880533,90.7378358021379,4/8/2026,Y
R567279,RS052122,1986688255,R567279,1986688255,LSO,24.0419171566635,90.7378324493766,4/8/2026,Y
R444251,RS050419,1915238808,R444251,1915238808,SSO,24.041959410895,90.7378596067429,4/8/2026,Y
R057046,RS050419,1915238808,R057046,1915238808,LSO,24.0421268967341,90.7377288490534,4/8/2026,Y
R280048,RS053954,1908437930,R280048,1908437930,LSO,23.9621023056107,90.7389552891254,4/8/2026,Y
R313823,RS050430,1915239243,R313823,1915239243,LSO,24.0379660184004,90.7331798225641,4/8/2026,Y
R345274,RS050429,1986688259,R345274,1986688259,SSO,24.0392254109883,90.7408653572202,4/8/2026,Y
R567039,RS053954,1908437930,R567039,1908437930,LSO,23.9806666843752,90.7334024459124,4/7/2026,Y
R255466,RS050430,1915239243,R255466,1915239243,SSO,24.0382838531432,90.7340274006128,4/7/2026,Y
R055230,RS050429,1986688259,R055230,1986688259,LSO,24.0386537407555,90.7384620979428,4/7/2026,Y
R247632,RS050424,1409865178,R247632,1409865178,LSO,24.0889209814463,90.7979132607579,4/6/2026,Y
R196231,RS050429,1986688259,R196231,1986688259,LSO,24.040446823223,90.7391728833318,4/5/2026,Y
R196234,RS050429,1986688259,R196234,1986688259,SSO,24.0403770110543,90.7390320673585,4/5/2026,Y
R313819,RS050429,1986688259,R313819,1986688259,SSO,24.0414698120983,90.7388265430927,4/5/2026,Y
R287434,RS050419,1915238808,R287434,1915238808,LSO,24.0686628344505,90.6918416172266,4/5/2026,Y
R345272,RS050429,1986688259,R345272,1986688259,SSO,24.0389492214024,90.7390508428216,4/5/2026,Y
R334272,RS055630,1915239231,R334272,1915239231,LSO,24.0424088970776,90.7381278276443,4/5/2026,Y
R407957,RS051661,1949272018,R407957,1949272018,LSO,23.980448266636,90.7330755516887,4/4/2026,Y
R089999,RS051661,1949272018,R089999,1949272018,LSO,23.9803597353572,90.7322775945067,4/4/2026,Y
R640317,RS053954,1908437930,R640317,1908437930,LSO,23.9614396037173,90.7368658483028,4/4/2026,Y
R595078,RS050424,1409865178,R595078,1409865178,SSO,24.0596477092758,90.7561784237623,4/2/2026,Y
R606627,RS050418,1967037600,R606627,1967037600,LSO,24.1051613676345,90.7332760468125,4/2/2026,Y
R280060,RS052122,1986688255,R280060,1986688255,LSO,24.0201265127332,90.808891877532,4/2/2026,Y
R280077,RS052122,1986688255,R280077,1986688255,SSO,23.9835593825538,90.7346731424332,4/2/2026,Y
R508337,RS051661,1949272018,R508337,1949272018,LSO,23.9804455096075,90.7327580451965,3/31/2026,Y
R585586,RS051661,1949272018,R585586,1949272018,LSO,23.9804678721705,90.7328167185187,3/31/2026,Y
R174995,RS051661,1949272018,R174995,1949272018,SSO,23.9804568440578,90.7327781617641,3/31/2026,Y
R200612,RS050429,1986688259,R200612,1986688259,LSO,24.0395089486816,90.7407312467694,3/31/2026,Y
R169973,RS050429,1986688259,R169973,1986688259,SSO,24.0409630646616,90.7400026917458,3/30/2026,Y
R245776,RS050429,1986688259,R245776,1986688259,SSO,24.0411614771892,90.7404120638967,3/30/2026,Y
R191522,RS050429,1986688259,R191522,1986688259,LSO,24.0411446366316,90.7404177635908,3/30/2026,Y
R335076,RS050429,1986688259,R335076,1986688259,LSO,24.0412245527124,90.7407480105758,3/30/2026,Y
R597406,RS053954,1908437930,R597406,1908437930,LSO,24.042051574062,90.7378307729959,3/29/2026,Y
R494989,RS050429,1986688259,R494989,1986688259,LSO,24.0403218961574,90.7405626028776,3/29/2026,Y
R606558,RS050429,1986688259,R606558,1986688259,LSO,24.0412129174241,90.7402896881104,3/29/2026,Y
R529819,RS050419,1915238808,R529819,1915238808,LSO,24.0504298788087,90.6884754449129,3/29/2026,Y
R200621,RS051661,1949272018,R200621,1949272018,LSO,23.9811081137665,90.7370455563068,3/29/2026,Y
R144383,RS050419,1915238808,R144383,1915238808,LSO,24.0471783139716,90.6805290654302,3/28/2026,Y
R631204,RS052122,1986688255,R631204,1986688255,LSO,24.0132021932946,90.8283677324653,3/28/2026,Y
R407962,RS051661,1949272018,R407962,1949272018,LSO,23.9811675427293,90.7374515756965,3/28/2026,Y
R631194,RS052122,1986688255,R631194,1986688255,LSO,24.0131296099973,90.8283345401287,3/25/2026,Y
R567276,RS052122,1986688255,R567276,1986688255,LSO,24.0117894148337,90.7974049821496,3/25/2026,Y
R313820,RS050429,1986688259,R313820,1986688259,SSO,24.0420736197267,90.7379186153412,3/24/2026,Y
R640341,RS055317,1984220463,R640341,1984220463,LSO,24.0420699454495,90.737815015018,3/24/2026,Y
R631163,RS055630,1915239231,R631163,1915239231,SSO,24.042018199368,90.7376698404551,3/24/2026,Y
R530431,RS053954,1908437930,R530431,1908437930,LSO,24.0420325902922,90.7377482950687,3/24/2026,Y
R300409,RS050429,1986688259,R300409,1986688259,SSO,24.0424667667784,90.7363830506802,3/24/2026,Y
R025254,RS050419,1915238808,R025254,1915238808,SSO,24.0421688447072,90.7381757721305,3/24/2026,Y
R361320,RS050419,1915238808,R361320,1915238808,LSO,24.0414704244807,90.7377254962921,3/24/2026,Y
R508336,RS050419,1915238808,R508336,1915238808,LSO,24.0407710818778,90.7386679574847,3/24/2026,Y
R238851,RS050419,1915238808,R238851,1915238808,SSO,24.0418222376868,90.7387651875615,3/24/2026,Y
R015408,RS050419,1915238808,R015408,1915238808,SSO,24.0408733502545,90.7380731776357,3/24/2026,Y
R553701,RS050419,1915238808,R553701,1915238808,LSO,24.0416657743173,90.7380329445004,3/24/2026,Y
R209222,RS053954,1908437930,R209222,1908437930,LSO,24.0420117693801,90.7377050444484,3/24/2026,Y
R608830,RS050419,1915238808,R608830,1915238808,LSO,24.0418938862112,90.7384543865919,3/24/2026,Y
R508290,RS050419,1915238808,R508290,1915238808,LSO,24.0409979705914,90.7380305975676,3/24/2026,Y
R608837,RS050419,1915238808,R608837,1915238808,LSO,24.0420576978582,90.7371032238007,3/24/2026,Y
R200559,RS050429,1986688259,R200559,1986688259,SSO,24.042048205974,90.7377932220697,3/24/2026,Y
R361375,RS050429,1986688259,R361375,1986688259,LSO,24.0420420821775,90.7377945631742,3/24/2026,Y
R279978,RS050419,1915238808,R279978,1915238808,LSO,24.0416942500523,90.7374498993158,3/24/2026,Y
R640304,RS052122,1986688255,R640304,1986688255,LSO,24.0420586164276,90.7378066331148,3/24/2026,Y
R200553,RS050419,1915238808,R200553,1915238808,LSO,24.0419131761916,90.7375122606754,3/24/2026,Y
R640320,RS050419,1915238808,R640320,1915238808,LSO,24.041896948113,90.7372470572591,3/24/2026,Y
R640342,RS055317,1984220463,R640342,1984220463,LSO,24.0420531050111,90.7379139214754,3/19/2026,Y
R640340,RS055317,1984220463,R640340,1984220463,LSO,24.0420613721357,90.7378870993853,3/19/2026,Y
R640343,RS055317,1984220463,R640343,1984220463,LSO,24.0420558607194,90.7379276677966,3/19/2026,Y
R640334,RS055081,1949272016,R640334,1949272016,LSO,24.0420393264689,90.7379169389606,3/19/2026,Y
R335087,RS055081,1949272016,R335087,1949272016,LSO,24.0420846425577,90.7379243150353,3/19/2026,Y
R223763,RS055081,1949272016,R223763,1949272016,LSO,24.0420901539728,90.7379186153412,3/19/2026,Y
R335701,RS055081,1949272016,R335701,1949272016,LSO,24.0420668835518,90.7378793880343,3/19/2026,Y
R528716,RS055317,1984220463,R528716,1984220463,LSO,24.0420886230242,90.7379109039903,3/19/2026,Y
R528678,RS055317,1984220463,R528678,1984220463,LSO,24.0420867858858,90.7379172742367,3/19/2026,Y
R353033,RS055317,1984220463,R353033,1984220463,LSO,24.0420892354036,90.7379199564457,3/19/2026,Y
R640316,RS053954,1908437930,R640316,1908437930,LSO,24.0419906422746,90.7378901168704,3/16/2026,Y
R640324,RS050430,1915239243,R640324,1915239243,LSO,24.0420022774926,90.7378948107362,3/16/2026,Y
R487183,RS051661,1949272018,R487183,1949272018,LSO,24.0420050332019,90.7379078865051,3/16/2026,Y
R595109,RS050418,1967037600,R595109,1967037600,LSO,24.0420224860264,90.7379109039903,3/16/2026,N
R463751,RS055317,1984220463,R463751,1984220463,LSO,24.0420185055579,90.7379072159529,3/16/2026,Y
R494879,RS050424,1409865178,R494879,1409865178,LSO,24.0255502514602,90.6703564524651,3/16/2026,Y
R631225,RS055630,1915239231,R631225,1915239231,LSO,24.0420377955197,90.7378924638033,3/14/2026,Y
R589910,RS055630,1915239231,R589910,1915239231,LSO,24.0420521864417,90.7378914579749,3/14/2026,Y
R487147,RS055081,1949272016,R487147,1949272016,SSO,24.0420671897416,90.7379330322146,3/11/2026,Y
R242933,RS055081,1949272016,R242933,1949272016,LSO,24.0419774761057,90.7381529733539,3/9/2026,N
R640312,RS050418,1967037600,R640312,1967037600,LSO,24.0348329463692,90.7231902703643,3/8/2026,Y
R361204,RS050430,1915239243,R361204,1915239243,LSO,24.0372666567177,90.7321887463331,3/7/2026,Y
R015416,RS050418,1967037600,R015416,1967037600,SSO,24.0815510240951,90.7335405796766,3/5/2026,Y
R297581,RS050424,1409865178,R297581,1409865178,LSO,24.0880492684114,90.7976054772735,3/3/2026,Y
R239889,RS051661,1949272018,R239889,1949272018,LSO,23.9786102345237,90.7321257144213,3/2/2026,Y
R300129,RS051661,1949272018,R300129,1949272018,LSO,23.9794496057754,90.7328857854009,3/2/2026,Y
R270210,RS051661,1949272018,R270210,1949272018,LSO,23.979724391453,90.7342597469687,3/2/2026,Y
R096846,RS051661,1949272018,R096846,1949272018,LSO,23.9798643879441,90.733901001513,3/2/2026,Y
R494931,RS050430,1915239243,R494931,1915239243,LSO,24.0385064594746,90.7349058240652,2/28/2026,Y
R538437,RS055630,1915239231,R538437,1915239231,LSO,24.0815424534187,90.7334044575691,2/25/2026,Y
R458402,RS050418,1967037600,R458402,1967037600,LSO,24.0172193239813,90.7566709443927,2/25/2026,Y
R567183,RS050430,1915239243,R567183,1915239243,LSO,24.0373465752112,90.7179639860988,2/24/2026,Y
R414442,RS050430,1915239243,R414442,1915239243,LSO,24.0403822163488,90.7110241055489,2/22/2026,Y
R567042,RS050430,1915239243,R567042,1915239243,LSO,24.0397067510646,90.6916132941842,2/22/2026,Y
R334350,RS050430,1915239243,R334350,1915239243,SSO,24.038530342937,90.7344713062048,2/21/2026,Y
R226224,RS050430,1915239243,R226224,1915239243,SSO,24.0382510898679,90.7343499362469,2/21/2026,Y
R495001,RS050418,1967037600,R495001,1967037600,LSO,24.0810542300162,90.7332753762603,2/17/2026,Y
R200644,RS050430,1915239243,R200644,1915239243,SSO,24.0381491256026,90.7343033328652,2/16/2026,Y
R333556,RS050430,1915239243,R333556,1915239243,LSO,24.0697511089697,90.7383424043655,2/15/2026,Y
R270201,RS050430,1915239243,R270201,1915239243,LSO,24.0382259815579,90.7345363497734,2/15/2026,Y
R247757,RS055317,1984220463,R247757,1984220463,LSO,24.0420647402234,90.7378666475415,2/11/2026,Y
R361433,RS055317,1984220463,R361433,1984220463,LSO,24.0420739259165,90.7379028573632,2/11/2026,Y
R597402,RS055317,1984220463,R597402,1984220463,LSO,24.0420543297703,90.7378569245338,2/11/2026,Y
R631222,RS055317,1984220463,R631222,1984220463,LSO,24.0420359583806,90.7378190383315,2/11/2026,Y
R280067,RS055317,1984220463,R280067,1984220463,LSO,24.0419835999054,90.737746283412,2/11/2026,Y
R608912,RS055317,1984220463,R608912,1984220463,LSO,24.0420325902922,90.7378140091896,2/11/2026,Y
R608938,RS055317,1984220463,R608938,1984220463,LSO,24.042073313537,90.7378743588924,2/11/2026,Y
R463743,RS055317,1984220463,R463743,1984220463,LSO,23.9804038478359,90.7414168864489,2/10/2026,Y
R078659,RS050430,1915239243,R078659,1915239243,SSO,24.0383842863089,90.7340257242322,2/10/2026,Y
R631198,RS052122,1986688255,R631198,1986688255,LSO,24.0308739348062,90.8253445476294,2/9/2026,Y
R169501,RS050430,1915239243,R169501,1915239243,LSO,24.0381763773211,90.7342848926783,2/9/2026,Y
R444300,RS055317,1984220463,R444300,1984220463,LSO,23.9984758266903,90.7673397660255,2/9/2026,N
R631160,RS050424,1409865178,R631160,1409865178,LSO,24.0498824459739,90.6500749289989,2/9/2026,Y
R585563,RS050430,1915239243,R585563,1915239243,LSO,24.0420601473765,90.7378857582808,2/9/2026,Y
R585553,RS050430,1915239243,R585553,1915239243,LSO,24.0397336962573,90.6921152025461,2/8/2026,Y
R595075,RS050430,1915239243,R595075,1915239243,SSO,24.0421498609546,90.7378347963095,2/7/2026,Y
R640331,RS050424,1409865178,R640331,1409865178,LSO,24.0419545118544,90.7386203482747,2/3/2026,Y
R444266,RS050424,1409865178,R444266,1409865178,LSO,24.0418776581301,90.7386297360063,2/3/2026,Y
R567265,RS050424,1409865178,R567265,1409865178,LSO,24.041061046195,90.738893263042,2/3/2026,Y
R212299,RS050418,1967037600,R212299,1967037600,LSO,24.0396479615336,90.7402903586626,2/3/2026,Y
R494990,RS050429,1986688259,R494990,1986688259,LSO,24.038956263938,90.7409314066172,1/31/2026,Y
R407951,RS050430,1915239243,R407951,1915239243,LSO,24.0389317681603,90.6912967935205,1/29/2026,Y
R300412,RS050424,1409865178,R300412,1409865178,LSO,24.0715048798975,90.6383898854256,1/28/2026,Y
R200614,RS050419,1915238808,R200614,1915238808,LSO,24.0688192649145,90.692091062665,1/15/2026,Y
R300366,RS050418,1967037600,R300366,1967037600,LSO,24.0420589226174,90.7379906997085,1/12/2026,Y
R353034,RS055317,1984220463,R353034,1984220463,LSO,23.9990250099618,90.7674339786172,1/10/2026,Y
R335096,RS050424,1409865178,R335096,1409865178,LSO,24.0874698575556,90.797131061554,1/8/2026,Y
R631207,RS055317,1984220463,R631207,1984220463,LSO,24.0779782267745,90.8265813812613,12/30/2025,Y
R361326,RS050429,1986688259,R361326,1986688259,LSO,24.0394994566091,90.7395379990339,12/28/2025,Y
R407937,RS052122,1986688255,R407937,1986688255,LSO,24.0132937645691,90.8283640444279,12/27/2025,Y
R528701,RS055317,1984220463,R528701,1984220463,LSO,23.9717734439034,90.7562538608909,12/25/2025,Y
R631202,RS052122,1986688255,R631202,1986688255,LSO,24.0347355724997,90.8239011839032,12/23/2025,Y
R195336,RS055317,1984220463,R195336,1984220463,LSO,23.9948452773219,90.7602429762483,12/22/2025,Y
R414441,RS050430,1915239243,R414441,1915239243,LSO,24.0346590206638,90.7309857755899,12/22/2025,Y
R589981,RS050429,1986688259,R589981,1986688259,LSO,24.0288850435364,90.8679115399718,12/18/2025,Y
R606596,RS050424,1409865178,R606596,1409865178,LSO,24.0422815224063,90.7379799708724,12/18/2025,Y
R233692,RS055081,1949272016,R233692,1949272016,LSO,23.9537231499435,90.7145116478205,12/15/2025,Y
R345261,RS050430,1915239243,R345261,1915239243,LSO,24.037107125783,90.7321511954069,12/14/2025,Y
R334346,RS050429,1986688259,R334346,1986688259,SSO,24.0388252114727,90.7409320771694,12/13/2025,Y
R631166,RS055081,1949272016,R631166,1949272016,LSO,23.9474773405943,90.7098714262247,12/11/2025,Y
R157380,RS050430,1915239243,R157380,1915239243,LSO,24.0376843145028,90.7344813644886,12/10/2025,Y
R595080,RS050429,1986688259,R595080,1986688259,SSO,24.0420175869882,90.7377798110247,12/8/2025,Y
R186441,RS050430,1915239243,R186441,1915239243,LSO,24.0371744901174,90.73201674968,12/4/2025,Y
R200616,RS050430,1915239243,R200616,1915239243,LSO,24.0415932070929,90.7117737829685,12/4/2025,Y
R174897,RS050430,1915239243,R174897,1915239243,SSO,24.0377728063372,90.734775736928,12/3/2025,Y
R200627,RS050430,1915239243,R200627,1915239243,SSO,24.0397848308688,90.6916243582964,11/30/2025,Y
R335671,RS055081,1949272016,R335671,1949272016,LSO,23.9545136595875,90.7107253745198,11/26/2025,Y
R630961,RS050419,1915238808,R630961,1915238808,LSO,23.9907168693936,90.8748869597912,11/25/2025,Y
R414444,RS050430,1915239243,R414444,1915239243,LSO,24.0418617362372,90.7378022745252,11/24/2025,Y
R528396,RS055081,1949272016,R528396,1949272016,LSO,23.9616822577879,90.7194254547358,11/20/2025,Y
R494906,RS050430,1915239243,R494906,1915239243,LSO,24.0417735534102,90.7113942503929,11/20/2025,Y
R144370,RS050430,1915239243,R144370,1915239243,LSO,24.0397802379404,90.6917101889849,11/20/2025,Y
R270203,RS051661,1949272018,R270203,1949272018,SSO,23.9796456625061,90.7334205508232,11/19/2025,Y
R606115,RS050430,1915239243,R606115,1915239243,LSO,24.037293296221,90.7186295092106,11/18/2025,Y
R200641,RS050430,1915239243,R200641,1915239243,LSO,24.0376631866856,90.7347797602415,11/17/2025,Y
R494938,RS050430,1915239243,R494938,1915239243,LSO,24.0382685432025,90.7338292524219,11/13/2025,Y
R567266,RS050429,1986688259,R567266,1986688259,LSO,24.0419147071424,90.7386039197445,11/12/2025,Y
R015764,RS050424,1409865178,R015764,1409865178,SSO,24.1039607703287,90.7902592420578,11/11/2025,Y
R606564,RS050418,1967037600,R606564,1967037600,LSO,24.0241164786282,90.6989766284823,11/9/2025,Y
R335015,RS050418,1967037600,R335015,1967037600,LSO,24.0241186222561,90.6990530714393,11/9/2025,Y
R606594,RS055317,1984220463,R606594,1984220463,LSO,23.9977064148413,90.7675328850746,11/6/2025,Y
R595084,RS052122,1986688255,R595084,1986688255,SSO,24.0420889292139,90.7376980036497,11/6/2025,Y
R334189,RS051661,1949272018,R334189,1949272018,LSO,24.0467891616646,90.8665821701288,11/4/2025,Y
R345257,RS050430,1915239243,R345257,1915239243,LSO,24.0381668851501,90.7344810292125,11/3/2025,Y
R345279,RS050419,1915238808,R345279,1915238808,SSO,24.0809498509785,90.6980754062533,10/28/2025,N
R335667,RS050419,1915238808,R335667,1915238808,LSO,24.081058209274,90.6979587301612,10/28/2025,Y
R270202,RS050418,1967037600,R270202,1967037600,LSO,24.0423093856265,90.7378559187055,10/27/2025,Y
R631231,RS055317,1984220463,R631231,1984220463,LSO,23.9825154087488,90.7778164744377,10/19/2025,Y
R407958,RS051661,1949272018,R407958,1949272018,LSO,24.0420883168344,90.7378113269806,10/19/2025,Y
R606120,RS050430,1915239243,R606120,1915239243,LSO,24.0380949283475,90.733129195869,10/14/2025,Y
R567184,RS050430,1915239243,R567184,1915239243,LSO,24.0390340380014,90.7351358234882,10/13/2025,Y
R606116,RS050430,1915239243,R606116,1915239243,LSO,24.0352270342003,90.7308513298631,10/11/2025,Y
R567259,RS050429,1986688259,R567259,1986688259,LSO,24.0223277618223,90.779336951673,10/7/2025,N
R414437,RS051661,1949272018,R414437,1949272018,LSO,23.9802203520786,90.7298505306244,10/4/2025,Y
R487304,RS055081,1949272016,R487304,1949272016,LSO,24.0419722708758,90.7376594468951,10/2/2025,Y
R186538,RS055317,1984220463,R186538,1984220463,LSO,23.982451385432,90.7424150034785,9/30/2025,Y
R494488,RS050430,1915239243,R494488,1915239243,LSO,24.0391078314589,90.6911573186517,9/30/2025,Y
R200642,RS050418,1967037600,R200642,1967037600,LSO,24.0126775713246,90.7450794428587,9/29/2025,Y
R595076,RS055630,1915239231,R595076,1915239231,SSO,23.9620986290493,90.7388258725405,9/27/2025,Y
R487330,RS053954,1908437930,R487330,1908437930,LSO,23.9620931142069,90.7388198375702,9/27/2025,Y
R313827,RS050430,1915239243,R313827,1915239243,LSO,24.0373076876746,90.7185047864914,9/25/2025,Y
R495004,RS050418,1967037600,R495004,1967037600,LSO,24.0219768139505,90.7798261195421,9/24/2025,Y
R458629,RS050430,1915239243,R458629,1915239243,LSO,24.0383086552433,90.7340220361948,9/21/2025,Y
R200565,RS055317,1984220463,R200565,1984220463,LSO,23.994380922273,90.7604481652379,9/20/2025,Y
R609027,RS051661,1949272018,R609027,1949272018,LSO,24.0420402450384,90.7378448545933,9/18/2025,Y
R152541,RS050418,1967037600,R152541,1967037600,LSO,24.0420142188993,90.7378988340497,9/17/2025,Y
R280066,RS055317,1984220463,R280066,1984220463,LSO,23.9896723409861,90.7514644414186,9/17/2025,Y
R528635,RS050418,1967037600,R528635,1967037600,SSO,23.989889824139,90.7516763359308,9/17/2025,Y
R631218,RS055317,1984220463,R631218,1984220463,LSO,23.9892673925029,90.7519797608256,9/17/2025,Y
R608917,RS055317,1984220463,R608917,1984220463,LSO,23.9896312948287,90.7514956220984,9/17/2025,Y
R487337,RS055317,1984220463,R487337,1984220463,LSO,23.9803171545474,90.7331352308393,9/17/2025,Y
R595106,RS051661,1949272018,R595106,1949272018,LSO,23.9807346909449,90.7332093268633,9/17/2025,Y
R631185,RS050419,1915238808,R631185,1915238808,LSO,24.071677531211,90.6715708225965,9/17/2025,Y
R334271,RS050419,1915238808,R334271,1915238808,LSO,24.0714562068788,90.6720777601004,9/17/2025,Y
R519718,RS050418,1967037600,R519718,1967037600,SSO,24.0420546359601,90.7378331199288,9/17/2025,Y
R458666,RS050418,1967037600,R458666,1967037600,LSO,24.0420457564554,90.7378579303622,9/17/2025,Y
R334312,RS050419,1915238808,R334312,1915238808,LSO,24.0523455691827,90.7008142769337,9/16/2025,Y
R606574,RS055081,1949272016,R606574,1949272016,LSO,24.0420368769501,90.7378287613392,9/16/2025,Y
R407983,RS053954,1908437930,R407983,1908437930,LSO,23.994928285205,90.8712693303823,9/15/2025,Y
R529811,RS050419,1915238808,R529811,1915238808,LSO,24.0678506787017,90.6918523460627,9/13/2025,Y
R088787,RS050430,1915239243,R088787,1915239243,LSO,24.0376059272214,90.7328408583999,9/13/2025,Y
R444216,RS055081,1949272016,R444216,1949272016,LSO,23.9410023256555,90.7102499529719,9/11/2025,Y
R609026,RS051661,1949272018,R609026,1949272018,LSO,23.9799256555072,90.7341253012419,9/11/2025,Y
R487376,RS055317,1984220463,R487376,1984220463,LSO,23.9820445762446,90.7777765765786,9/9/2025,Y
R606114,RS050430,1915239243,R606114,1915239243,LSO,24.0376457332687,90.7345014810562,9/8/2025,Y
R015762,RS055081,1949272016,R015762,1949272016,LSO,23.9607404388036,90.719061344862,9/8/2025,Y
R239923,RS050418,1967037600,R239923,1967037600,SSO,24.081202074666,90.7334842532873,9/6/2025,Y
R605357,RS050429,1986688259,R605357,1986688259,LSO,24.0334005019415,90.7475614920259,9/4/2025,Y
R567258,RS050418,1967037600,R567258,1967037600,LSO,24.1051938077828,90.733216367662,9/2/2025,Y
R608920,RS050424,1409865178,R608920,1409865178,LSO,24.0713610036254,90.6391191110015,9/1/2025,Y
R242923,RS050429,1986688259,R242923,1986688259,LSO,24.0218469691199,90.7909190654755,9/1/2025,Y
R534664,RS055081,1949272016,R534664,1949272016,LSO,23.9416430696968,90.7195062562823,8/31/2025,Y
R494912,RS050430,1915239243,R494912,1915239243,LSO,24.0360589934296,90.7308228313923,8/30/2025,Y
R494973,RS050429,1986688259,R494973,1986688259,LSO,24.0417974362652,90.7384567335248,8/28/2025,Y
R345256,RS055081,1949272016,R345256,1949272016,SSO,23.9605921491759,90.7188662141562,8/28/2025,Y
R015756,RS055630,1915239231,R015756,1915239231,LSO,24.0420166684185,90.7377895340323,8/27/2025,Y
R567267,RS050429,1986688259,R567267,1986688259,LSO,24.0420206488871,90.7378317788243,8/26/2025,Y
R567205,RS053954,1908437930,R567205,1908437930,SSO,24.0420344274313,90.7378716766834,8/26/2025,Y
R608857,RS050419,1915238808,R608857,1915238808,LSO,24.042080662091,90.7377503067255,8/26/2025,Y
R174795,RS050424,1409865178,R174795,1409865178,LSO,24.0420249355455,90.737780816853,8/25/2025,Y
R418863,RS050429,1986688259,R418863,1986688259,LSO,24.0366331248314,90.7376869395375,8/25/2025,Y
R597386,RS050429,1986688259,R597386,1986688259,LSO,24.0363486621802,90.7377110794187,8/25/2025,N
R015326,RS050429,1986688259,R015326,1986688259,LSO,24.0392137755188,90.7408663630486,8/24/2025,Y
R015760,RS050429,1986688259,R015760,1986688259,LSO,24.0392153065017,90.7408690452576,8/24/2025,Y
R508335,RS055630,1915239231,R508335,1915239231,LSO,24.042506877508,90.7381680607796,8/23/2025,Y
R585564,RS050429,1986688259,R585564,1986688259,LSO,24.0676210822883,90.7662568241358,8/21/2025,Y
R585584,RS051661,1949272018,R585584,1949272018,LSO,23.9806455471908,90.7333192974329,8/20/2025,Y
R395128,RS050429,1986688259,R395128,1986688259,LSO,24.0415827966017,90.7389519363642,8/19/2025,Y
R599733,RS055630,1915239231,R599733,1915239231,LSO,24.0420332026719,90.7378069683909,8/19/2025,Y
R538407,RS050429,1986688259,R538407,1986688259,LSO,24.0409676575476,90.7403896003962,8/18/2025,Y
R256148,RS055081,1949272016,R256148,1949272016,SSO,23.9554763589745,90.7163690775633,8/18/2025,Y
R156766,RS051661,1949272018,R156766,1949272018,SSO,23.9847666198797,90.716384164989,8/17/2025,Y
R395134,RS050429,1986688259,R395134,1986688259,SSO,24.0393610559888,90.7392074167728,8/17/2025,Y
R529822,RS055081,1949272016,R529822,1949272016,LSO,24.0420197303175,90.7377627119422,8/16/2025,Y
R534647,RS050429,1986688259,R534647,1986688259,LSO,24.0239847985616,90.7648013904691,8/16/2025,Y
R185084,RS050429,1986688259,R185084,1986688259,LSO,24.0395665134932,90.7394756376743,8/14/2025,Y
R293565,RS050430,1915239243,R293565,1915239243,LSO,24.0370229203153,90.7304171472788,8/13/2025,Y
R487307,RS055081,1949272016,R487307,1949272016,LSO,23.9409866977123,90.7032560929656,8/12/2025,Y
R287464,RS050429,1986688259,R287464,1986688259,LSO,24.0392462323521,90.7378109917045,8/12/2025,Y
R089604,RS055317,1984220463,R089604,1984220463,LSO,23.9826817466912,90.7426450029016,8/11/2025,Y
R608894,RS055081,1949272016,R608894,1949272016,LSO,23.9410403229997,90.7090047374368,8/10/2025,Y
R300212,RS050429,1986688259,R300212,1986688259,LSO,24.0410515542372,90.7403855770826,8/10/2025,Y
R403180,RS050424,1409865178,R403180,1409865178,SSO,24.0567806026348,90.7510647922754,8/9/2025,Y
R463787,RS050429,1986688259,R463787,1986688259,LSO,24.0423351055166,90.7380175217986,8/7/2025,Y
R279985,RS050430,1915239243,R279985,1915239243,LSO,24.0381258544676,90.7342362776399,8/5/2025,Y
R334181,RS055081,1949272016,R334181,1949272016,LSO,24.0420365707603,90.7378016039729,8/3/2025,Y
R300232,RS055630,1915239231,R300232,1915239231,LSO,24.0420246293556,90.7378073036671,8/3/2025,Y
R239721,RS055630,1915239231,R239721,1915239231,LSO,24.0420420821775,90.7378827407956,8/3/2025,Y
R538435,RS055630,1915239231,R538435,1915239231,LSO,24.0420194241276,90.737859942019,8/3/2025,Y
R595088,RS053954,1908437930,R595088,1908437930,SSO,24.0467848751653,90.7380644604564,8/2/2025,Y
R631183,RS052122,1986688255,R631183,1986688255,LSO,24.041994928934,90.7378733530641,7/30/2025,Y
R210195,RS052122,1986688255,R210195,1986688255,LSO,24.0420142188993,90.7378284260631,7/30/2025,Y
R597383,RS055081,1949272016,R597383,1949272016,LSO,23.9447290764189,90.7106777653098,7/29/2025,Y
R175021,RS051661,1949272018,R175021,1949272018,LSO,23.980288052547,90.7332934811711,7/27/2025,Y
R256399,RS055630,1915239231,R256399,1915239231,LSO,24.0810980018454,90.7334477081895,7/27/2025,Y
R414776,RS052122,1986688255,R414776,1986688255,LSO,24.0633468404282,90.8114285767078,7/24/2025,Y
R592293,RS055081,1949272016,R592293,1949272016,LSO,23.9845074676294,90.879529863596,7/22/2025,Y
R156864,RS055081,1949272016,R156864,1949272016,LSO,23.9531226044945,90.7159231603146,7/21/2025,Y
R015354,RS055630,1915239231,R015354,1915239231,LSO,24.0420215674568,90.7377697527409,7/20/2025,Y
R458749,RS055630,1915239231,R458749,1915239231,LSO,24.0619263474918,90.7364172488451,7/19/2025,Y
R608806,RS050430,1915239243,R608806,1915239243,LSO,24.0402291193609,90.6924142688513,7/17/2025,N
R288853,RS050430,1915239243,R288853,1915239243,SSO,24.0396516358801,90.6914580613375,7/13/2025,Y
R335051,RS055081,1949272016,R335051,1949272016,LSO,23.9605345490266,90.7194576412439,7/12/2025,Y
R595082,RS055081,1949272016,R595082,1949272016,SSO,23.9608495112308,90.7195478305221,7/9/2025,Y
R211927,RS053954,1908437930,R211927,1908437930,SSO,23.9610109750197,90.7386910915375,7/8/2025,Y
R015376,RS050430,1915239243,R015376,1915239243,SSO,24.0382229195685,90.7344139739871,7/8/2025,Y
R608808,RS050430,1915239243,R608808,1915239243,LSO,24.0348905132762,90.7170091196895,7/8/2025,Y
R084137,RS050418,1967037600,R084137,1967037600,LSO,24.0420335088617,90.7379199564457,7/6/2025,N
R200645,RS050430,1915239243,R200645,1915239243,LSO,24.0381843384962,90.7350285351276,7/6/2025,Y
R487254,RS050424,1409865178,R487254,1409865178,LSO,24.086413566154,90.7964886724949,7/6/2025,Y
R631206,RS055317,1984220463,R631206,1984220463,LSO,23.9818589384927,90.7695391774178,7/3/2025,Y
R334293,RS050430,1915239243,R334293,1915239243,SSO,24.0383307015504,90.7341792806983,7/2/2025,Y
R025466,RS050429,1986688259,R025466,1986688259,LSO,24.0411091183575,90.7388791814446,7/2/2025,Y
R361321,RS050429,1986688259,R361321,1986688259,SSO,24.0398316787285,90.7394981011748,7/1/2025,Y
R487188,RS055081,1949272016,R487188,1949272016,LSO,24.0420390202791,90.7378133386374,6/29/2025,Y
R631192,RS055081,1949272016,R631192,1949272016,LSO,24.0420338150516,90.7376939803362,6/29/2025,Y
R487154,RS055081,1949272016,R487154,1949272016,LSO,24.0420374893298,90.7376430183649,6/29/2025,Y
R606582,RS055081,1949272016,R606582,1949272016,LSO,24.0420283036341,90.7376745343208,6/29/2025,Y
R174993,RS050429,1986688259,R174993,1986688259,LSO,24.042233756872,90.7379930466413,6/28/2025,Y
R487149,RS050429,1986688259,R487149,1986688259,SSO,24.0505315271542,90.739551410079,6/26/2025,Y
R589909,RS050419,1915238808,R589909,1915238808,SSO,24.042437066459,90.7381526380777,6/24/2025,Y
R247799,RS055317,1984220463,R247799,1984220463,LSO,23.9985536252438,90.7672931626439,6/23/2025,Y
R407928,RS052122,1986688255,R407928,1986688255,LSO,24.0420384078994,90.7376601174474,6/22/2025,Y
R293574,RS050429,1986688259,R293574,1986688259,LSO,24.0394758795228,90.7396902143955,6/19/2025,Y
R606562,RS050429,1986688259,R606562,1986688259,LSO,24.0418433648199,90.7384822145104,6/17/2025,Y
R589906,RS050430,1915239243,R589906,1915239243,SSO,24.0420218736467,90.7376654818654,6/15/2025,Y
R494909,RS050430,1915239243,R494909,1915239243,LSO,24.0382379233157,90.7338731735945,6/15/2025,Y
R418777,RS055081,1949272016,R418777,1949272016,LSO,23.9477163439658,90.7169588282704,6/3/2025,Y
R528327,RS055081,1949272016,R528327,1949272016,LSO,23.9608727963438,90.7193637639284,6/2/2025,Y
R631228,RS055317,1984220463,R631228,1984220463,LSO,24.0420031960623,90.7378710061312,6/2/2025,Y
R288866,RS055317,1984220463,R288866,1984220463,LSO,24.0420451440758,90.7377630472183,6/2/2025,Y
R538431,RS055630,1915239231,R538431,1915239231,LSO,24.0815571460064,90.7334681600332,5/31/2025,Y
R200597,RS051661,1949272018,R200597,1949272018,LSO,23.978482183976,90.7320965453982,5/24/2025,Y
R395110,RS055081,1949272016,R395110,1949272016,LSO,23.9614803524757,90.7203890383244,5/24/2025,Y
R487289,RS055081,1949272016,R487289,1949272016,LSO,23.9448372431243,90.7102734223008,5/22/2025,Y
R025222,RS055081,1949272016,R025222,1949272016,SSO,23.9608130516376,90.7190945371985,5/17/2025,Y
R287461,RS050429,1986688259,R287461,1986688259,SSO,24.007240119878,90.7376078143716,5/15/2025,Y
R174905,RS050429,1986688259,R174905,1986688259,LSO,24.041302631594,90.738837942481,5/14/2025,Y
R361077,RS055630,1915239231,R361077,1915239231,LSO,24.0796789298967,90.732907243073,5/13/2025,Y
R239891,RS055081,1949272016,R239891,1949272016,LSO,23.9615575606142,90.7191079482436,5/8/2025,Y
R487245,RS050424,1409865178,R487245,1409865178,LSO,24.0866471080046,90.7968128845096,5/6/2025,Y
R334291,RS055317,1984220463,R334291,1984220463,LSO,24.0383692825787,90.734302662313,5/4/2025,N
R458744,RS051661,1949272018,R458744,1949272018,LSO,23.9802022781918,90.7324039936066,4/30/2025,Y
R606569,RS055081,1949272016,R606569,1949272016,LSO,23.9408144837816,90.7055574283004,4/29/2025,N
R585551,RS050430,1915239243,R585551,1915239243,LSO,24.0417793710292,90.7119025290012,4/29/2025,Y
R534668,RS055081,1949272016,R534668,1949272016,LSO,23.9442424783341,90.7070480659604,4/27/2025,Y
R233701,RS051661,1949272018,R233701,1949272018,LSO,23.9777043813833,90.7313686609268,4/26/2025,Y
R361076,RS050429,1986688259,R361076,1986688259,LSO,24.0418277491131,90.7385237887502,4/22/2025,Y
R211839,RS055081,1949272016,R211839,1949272016,LSO,23.9408573840705,90.7117523252964,4/22/2025,Y
R361430,RS055317,1984220463,R361430,1984220463,LSO,23.9924438452803,90.7569954916835,4/21/2025,Y
R631155,RS050429,1986688259,R631155,1986688259,LSO,24.040633295014,90.7463270053267,4/19/2025,Y
R519719,RS055081,1949272016,R519719,1949272016,SSO,23.9554294803994,90.716587677598,4/19/2025,Y
R335740,RS050429,1986688259,R335740,1986688259,LSO,24.0219936570204,90.7798914983869,4/19/2025,N
R595104,RS051661,1949272018,R595104,1949272018,LSO,23.9816607407955,90.7340029254556,4/17/2025,Y
R238797,RS050418,1967037600,R238797,1967037600,LSO,24.1054043625077,90.7334316149354,4/16/2025,Y
R334339,RS052122,1986688255,R334339,1986688255,LSO,24.0642872960645,90.8043850958347,4/15/2025,Y
R487143,RS050418,1967037600,R487143,1967037600,SSO,24.0817784529047,90.7330980151892,4/14/2025,Y
R161435,RS050429,1986688259,R161435,1986688259,LSO,24.0395006813927,90.7394867017865,4/13/2025,Y
R395135,RS052122,1986688255,R395135,1986688255,SSO,24.0638727861942,90.8116934448481,4/13/2025,Y
R595086,RS050418,1967037600,R595086,1967037600,SSO,24.1051540226941,90.7335251569748,4/12/2025,Y
R567274,RS052122,1986688255,R567274,1986688255,LSO,24.0147990154724,90.8161150664091,4/12/2025,Y
R567203,RS055630,1915239231,R567203,1915239231,LSO,24.0896665852221,90.7350737974048,4/9/2025,Y
R585581,RS055630,1915239231,R585581,1915239231,LSO,24.0422153855079,90.7378394901752,4/8/2025,Y
R567261,RS050429,1986688259,R567261,1986688259,LSO,24.039768296326,90.7405528798699,4/8/2025,Y
R184932,RS055081,1949272016,R184932,1949272016,LSO,23.9411380741805,90.7095331326127,4/8/2025,Y
R247869,RS055081,1949272016,R247869,1949272016,LSO,23.9413550263798,90.7086902484298,4/8/2025,N
R567194,RS055630,1915239231,R567194,1915239231,LSO,24.0815926530864,90.7333622127771,4/7/2025,Y
R276901,RS052122,1986688255,R276901,1986688255,LSO,24.0369270791159,90.7977295294404,4/7/2025,Y
R414431,RS055081,1949272016,R414431,1949272016,SSO,23.961708912942,90.7192993909121,4/7/2025,Y
R276899,RS052122,1986688255,R276899,1986688255,LSO,24.0119146758965,90.7974073290825,4/7/2025,Y
R528376,RS055081,1949272016,R528376,1949272016,LSO,23.9554748269952,90.7165313512087,4/7/2025,Y
R403144,RS055630,1915239231,R403144,1915239231,LSO,24.0816446893065,90.7332814112306,4/6/2025,Y
R538394,RS050429,1986688259,R538394,1986688259,LSO,24.0390536346083,90.7388312369585,4/6/2025,Y
R534646,RS052122,1986688255,R534646,1986688255,LSO,24.0133890108758,90.8283707499504,4/6/2025,Y
R081100,RS055081,1949272016,R081100,1949272016,SSO,23.9615492883159,90.7193754985929,4/5/2025,Y
R487145,RS055081,1949272016,R487145,1949272016,LSO,23.9616568281529,90.7202270999551,4/5/2025,Y
R186532,RS055081,1949272016,R186532,1949272016,LSO,23.9617043172262,90.7175884768367,3/30/2025,Y
R334340,RS050429,1986688259,R334340,1986688259,LSO,24.0396559226175,90.7401978224516,3/30/2025,Y
R458587,RS050419,1915238808,R458587,1915238808,LSO,24.0681702762251,90.692519210279,3/29/2025,Y
R608884,RS050419,1915238808,R608884,1915238808,LSO,24.0468819337222,90.680034533143,3/27/2025,Y
R247864,RS052122,1986688255,R247864,1986688255,LSO,24.0310218372691,90.825716368854,3/27/2025,Y
R595092,RS050424,1409865178,R595092,1409865178,SSO,23.9802935666108,90.7330906391144,3/26/2025,Y
R438288,RS055630,1915239231,R438288,1915239231,LSO,24.0420145250892,90.7377097383142,3/26/2025,Y
R528391,RS055081,1949272016,R528391,1949272016,LSO,23.9616945130318,90.7202914729714,3/26/2025,Y
R631151,RS055081,1949272016,R631151,1949272016,LSO,23.9448770778654,90.710773319006,3/25/2025,Y
R567043,RS050430,1915239243,R567043,1915239243,LSO,24.0378769142996,90.7329380884767,3/25/2025,Y
R186443,RS052122,1986688255,R186443,1986688255,LSO,24.0138937232463,90.8287703990936,3/25/2025,Y
R529463,RS055081,1949272016,R529463,1949272016,LSO,23.9407835342786,90.7070138677955,3/25/2025,Y
R335074,RS055081,1949272016,R335074,1949272016,LSO,23.9486839966802,90.7127122208476,3/25/2025,Y
R161477,RS055081,1949272016,R161477,1949272016,LSO,23.9615253905621,90.7193718105555,3/23/2025,Y
R567255,RS050418,1967037600,R567255,1967037600,LSO,24.0368621642693,90.7378535717726,3/23/2025,Y
R618158,RS050418,1967037600,R618158,1967037600,LSO,23.9753504200724,90.8366664871573,3/22/2025,Y
R236003,RS055317,1984220463,R236003,1984220463,LSO,23.9990476755903,90.7673585414886,3/22/2025,Y
R567272,RS052122,1986688255,R567272,1986688255,LSO,24.0642833162863,90.8044021949172,3/20/2025,Y
R458748,RS055081,1949272016,R458748,1949272016,SSO,24.0815516362862,90.7334292680025,3/20/2025,Y
R186450,RS055630,1915239231,R186450,1915239231,LSO,24.0800933886859,90.73367100209,3/20/2025,Y
R606113,RS050430,1915239243,R606113,1915239243,LSO,24.0399002664139,90.7334071397781,3/19/2025,Y
R631196,RS055081,1949272016,R631196,1949272016,LSO,23.9615845221755,90.7172904163599,3/15/2025,Y
R255450,RS052122,1986688255,R255450,1986688255,LSO,24.0154179548318,90.8268150687218,3/13/2025,Y
R567038,RS053954,1908437930,R567038,1908437930,LSO,23.9715424504224,90.726366341114,3/12/2025,Y
R174919,RS050418,1967037600,R174919,1967037600,SSO,24.0220022316733,90.7798472419381,3/12/2025,Y
R224328,RS051661,1949272018,R224328,1949272018,LSO,23.9802362816038,90.7326360046864,3/11/2025,Y
R407905,RS055081,1949272016,R407905,1949272016,SSO,23.9522744824851,90.7147081196308,3/11/2025,Y
R519727,RS051661,1949272018,R519727,1949272018,LSO,23.9803903690246,90.733179487288,3/10/2025,Y
R487252,RS052122,1986688255,R487252,1986688255,LSO,24.060178262403,90.8085887879133,3/9/2025,Y
R300247,RS055630,1915239231,R300247,1915239231,LSO,24.0887058084499,90.7422795519233,3/8/2025,Y
R458758,RS055081,1949272016,R458758,1949272016,LSO,23.9540577383377,90.7121506333351,3/8/2025,Y
R280046,RS055081,1949272016,R280046,1949272016,LSO,23.948309560677,90.7085618376732,3/6/2025,Y
R609029,RS051661,1949272018,R609029,1949272018,LSO,23.9851780153478,90.7165015116334,3/5/2025,Y
R247861,RS052122,1986688255,R247861,1986688255,LSO,24.0337388640262,90.8317432925105,3/4/2025,Y
R334287,RS053954,1908437930,R334287,1908437930,LSO,23.9611470088708,90.7362244650722,3/2/2025,Y
R334273,RS050430,1915239243,R334273,1915239243,LSO,24.0203889619116,90.7220375910401,3/1/2025,Y
R458769,RS053954,1908437930,R458769,1908437930,LSO,23.9606601663403,90.7369821891189,2/27/2025,Y
R534661,RS052122,1986688255,R534661,1986688255,LSO,24.0356878735263,90.8155678957701,2/24/2025,Y
R407964,RS051661,1949272018,R407964,1949272018,LSO,23.9808186269318,90.733028948307,2/22/2025,Y
R463755,RS052122,1986688255,R463755,1986688255,LSO,24.0504479428278,90.8068577572703,2/20/2025,Y
R567275,RS050429,1986688259,R567275,1986688259,LSO,24.0381485132044,90.7414872944355,2/19/2025,Y
R567280,RS055630,1915239231,R567280,1915239231,LSO,24.0867664804768,90.7390629127622,2/16/2025,Y
R361061,RS052122,1986688255,R361061,1986688255,LSO,24.0263268462141,90.8214573562145,2/15/2025,Y
R306590,RS052122,1986688255,R306590,1986688255,LSO,24.0178155893733,90.8306704089046,2/13/2025,Y
R114042,RS052122,1986688255,R114042,1986688255,LSO,24.0181892108601,90.8304038643837,2/13/2025,Y
R529466,RS055081,1949272016,R529466,1949272016,LSO,23.9411153983645,90.7081598415971,2/13/2025,Y
R608904,RS052122,1986688255,R608904,1986688255,LSO,24.0356416365655,90.815763361752,2/12/2025,Y
R352742,RS050424,1409865178,R352742,1409865178,LSO,24.0430883285869,90.7381972298026,2/12/2025,Y
R487356,RS052122,1986688255,R487356,1986688255,LSO,24.0178995011788,90.8305000886321,2/11/2025,Y
R352343,RS055081,1949272016,R352343,1949272016,LSO,23.9608014090762,90.7190915197134,2/11/2025,Y
R334180,RS055081,1949272016,R334180,1949272016,LSO,23.9422801334301,90.7156421989202,2/11/2025,Y
R169375,RS055081,1949272016,R169375,1949272016,LSO,23.9481710619782,90.7090345770121,2/11/2025,Y
R300051,RS055081,1949272016,R300051,1949272016,LSO,23.9483267197975,90.7127886638045,2/11/2025,Y
R361072,RS055630,1915239231,R361072,1915239231,LSO,24.0801748110084,90.7336119934916,2/10/2025,Y
R300375,RS055630,1915239231,R300375,1915239231,LSO,24.0811368761147,90.7330889627337,2/9/2025,Y
R487369,RS052122,1986688255,R487369,1986688255,LSO,24.0344477373598,90.8314492553473,2/9/2025,Y
R226222,RS052122,1986688255,R226222,1986688255,SSO,24.0249696396986,90.8166981115937,2/9/2025,Y
R528420,RS055081,1949272016,R528420,1949272016,LSO,23.9617992953203,90.718905441463,2/8/2025,Y
R538408,RS050418,1967037600,R538408,1967037600,LSO,24.0223893154079,90.7799672707915,2/5/2025,Y
R606610,RS052122,1986688255,R606610,1986688255,LSO,24.0134315807457,90.8283992484212,2/4/2025,Y
R631201,RS052122,1986688255,R631201,1986688255,LSO,24.0643277061131,90.8044722676277,2/3/2025,Y
R211820,RS050424,1409865178,R211820,1409865178,LSO,24.0678745567052,90.7661884278059,2/3/2025,Y
R592174,RS051661,1949272018,R592174,1949272018,LSO,23.9802319928856,90.7329112663865,2/1/2025,Y
R567188,RS051661,1949272018,R567188,1949272018,LSO,23.9803122531583,90.7326869666576,1/31/2025,Y
R352339,RS055081,1949272016,R352339,1949272016,LSO,23.9616378325187,90.7187746837735,1/30/2025,Y
R567278,RS052122,1986688255,R567278,1986688255,LSO,24.035661539895,90.8154847472906,1/29/2025,Y
R463761,RS052122,1986688255,R463761,1986688255,LSO,24.0159398093544,90.834020152688,1/28/2025,Y
R631193,RS052122,1986688255,R631193,1986688255,LSO,24.0147423583313,90.8276462182403,1/28/2025,Y
R239890,RS050418,1967037600,R239890,1967037600,LSO,24.0420641278438,90.7377734407783,1/26/2025,Y
R519764,RS052122,1986688255,R519764,1986688255,LSO,24.0510474218837,90.8027512952685,1/23/2025,Y
R608910,RS053954,1908437930,R608910,1908437930,LSO,23.9610633664523,90.7633405923843,1/19/2025,Y
R395133,RS050429,1986688259,R395133,1986688259,LSO,24.0411875035011,90.7406142354012,1/11/2025,Y
R487358,RS052122,1986688255,R487358,1986688255,LSO,24.0178621389948,90.8304618671536,1/5/2025,Y
R631199,RS052122,1986688255,R631199,1986688255,LSO,24.0155928253332,90.8339453861117,1/5/2025,Y
R608896,RS055081,1949272016,R608896,1949272016,LSO,23.9618449460567,90.7179807499051,1/4/2025,Y
R247867,RS055081,1949272016,R247867,1949272016,LSO,23.9488497654639,90.7124949619174,1/2/2025,Y
R226881,RS055081,1949272016,R226881,1949272016,SSO,23.9483527648867,90.7128778472543,1/2/2025,Y
R263761,RS052122,1986688255,R263761,1986688255,LSO,24.06436444251,90.8046482875943,12/30/2024,Y
R595070,RS052122,1986688255,R595070,1986688255,SSO,24.0643463804495,90.8050100505352,12/30/2024,Y
R352940,RS055081,1949272016,R352940,1949272016,SSO,23.9486824646202,90.712575763464,12/29/2024,Y
R508249,RS052122,1986688255,R508249,1986688255,LSO,24.063298164314,90.8112874254584,12/28/2024,Y
R631175,RS052122,1986688255,R631175,1986688255,LSO,24.0276096259312,90.7958607003093,12/28/2024,Y
R597384,RS055081,1949272016,R597384,1949272016,LSO,24.0420527988213,90.7378069683909,12/26/2024,Y
R083448,RS050430,1915239243,R083448,1915239243,SSO,24.0383190659999,90.734048858285,12/23/2024,Y
R361206,RS050430,1915239243,R361206,1915239243,LSO,24.0403479226394,90.6922513246536,12/22/2024,Y
R553703,RS051661,1949272018,R553703,1949272018,LSO,23.9804902347297,90.7319959625602,12/22/2024,Y
R567040,RS055317,1984220463,R567040,1984220463,LSO,23.9824814059386,90.7424331083894,12/17/2024,Y
R287456,RS050429,1986688259,R287456,1986688259,LSO,24.040984191936,90.7390139624476,12/9/2024,Y
R631205,RS055317,1984220463,R631205,1984220463,LSO,23.9895243909693,90.7516361027956,12/9/2024,Y
R567182,RS050430,1915239243,R567182,1915239243,LSO,24.037890080888829,90.733052417635918,12/7/2024,Y
R119931,RS052122,1986688255,R119931,1986688255,LSO,24.01969685440379,90.809290520846844,12/7/2024,Y
R538396,RS050429,1986688259,R538396,1986688259,LSO,24.038763359561834,90.738614983856678,12/5/2024,Y
R529467,RS055081,1949272016,R529467,1949272016,LSO,23.948359199554972,90.712827555835247,12/5/2024,Y
R606102,RS051661,1949272018,R606102,1949272018,LSO,23.978825591975927,90.732145830988884,12/4/2024,Y
R608902,RS055081,1949272016,R608902,1949272016,LSO,23.960839094205213,90.719058327376828,12/4/2024,Y
R487302,RS055081,1949272016,R487302,1949272016,LSO,23.960837255906487,90.719049274921417,12/4/2024,Y
R534662,RS055081,1949272016,R534662,1949272016,LSO,23.960842464419461,90.7190452516079,12/4/2024,Y
R174991,RS055081,1949272016,R174991,1949272016,SSO,23.960972370792511,90.718935281038284,12/4/2024,Y
R487166,RS055081,1949272016,R487166,1949272016,LSO,23.953544212204207,90.715020932257175,12/4/2024,Y
R531460,RS052122,1986688255,R531460,1986688255,SSO,24.088080794653337,90.797566249966621,12/4/2024,Y
R529371,RS055081,1949272016,R529371,1949272016,SSO,23.947791415446257,90.70933029055594,12/3/2024,Y
R463760,RS052122,1986688255,R463760,1986688255,LSO,24.01544643638325,90.827068537473679,12/3/2024,Y
R255425,RS051661,1949272018,R255425,1949272018,LSO,23.980318992568264,90.733605623245239,12/2/2024,Y
R093038,RS055630,1915239231,R093038,1915239231,SSO,24.09557861658276,90.749955698847771,11/20/2024,Y
R608805,RS050430,1915239243,R608805,1915239243,LSO,24.037789341136847,90.732975974679,11/19/2024,Y
R519761,RS052122,1986688255,R519761,1986688255,LSO,24.030745936264015,90.825873948633671,11/17/2024,Y
R487169,RS051661,1949272018,R487169,1949272018,LSO,23.980286520862606,90.732631981372833,11/13/2024,Y
R606124,RS052122,1986688255,R606124,1986688255,LSO,24.042043919316463,90.737835466861725,11/13/2024,Y
R487286,RS055081,1949272016,R487286,1949272016,LSO,23.947518400179391,90.709707140922546,11/10/2024,Y
R528649,RS055317,1984220463,R528649,1984220463,LSO,23.980483495328706,90.741412863135338,11/5/2024,Y
R608906,RS055081,1949272016,R608906,1949272016,LSO,23.946936210811955,90.714710466563687,11/5/2024,Y
R352953,RS055081,1949272016,R352953,1949272016,SSO,23.960962260159675,90.719261504709721,11/4/2024,Y
R361260,RS055081,1949272016,R361260,1949272016,LSO,23.956994541526605,90.716931000351892,10/30/2024,Y
R595093,RS050418,1967037600,R595093,1967037600,LSO,24.012950754777464,90.737492144107819,10/29/2024,Y
R606106,RS050418,1967037600,R606106,1967037600,LSO,23.99209863574157,90.6847820430994,10/27/2024,Y
R200599,RS050418,1967037600,R200599,1967037600,LSO,23.992257303594823,90.683882497251034,10/27/2024,Y
R519722,RS050418,1967037600,R519722,1967037600,LSO,23.99155401756844,90.683664232492447,10/27/2024,Y
R519721,RS050418,1967037600,R519721,1967037600,LSO,24.107569873279054,90.731728412210941,10/24/2024,Y
R333532,RS050429,1986688259,R333532,1986688259,LSO,24.040651360411257,90.73905486613512,10/24/2024,Y
R487363,RS052122,1986688255,R487363,1986688255,LSO,24.034949917397828,90.83192702382803,10/23/2024,Y
R403181,RS055317,1984220463,R403181,1984220463,LSO,24.041803866263834,90.738682374358177,10/21/2024,Y
R494987,RS052122,1986688255,R494987,1986688255,LSO,24.041945632342767,90.738028921186924,10/21/2024,Y
R631172,RS050419,1915238808,R631172,1915238808,LSO,24.045032297308587,90.654267221689224,10/21/2024,Y
R335682,RS051661,1949272018,R335682,1949272018,SSO,23.984724653179523,90.716567896306515,10/15/2024,Y
R403141,RS055081,1949272016,R403141,1949272016,LSO,24.0261939435015,90.761269256472588,10/14/2024,Y
R519791,RS052122,1986688255,R519791,1986688255,LSO,24.015489311825174,90.827163755893707,10/13/2024,Y
R495006,RS050419,1915238808,R495006,1915238808,LSO,24.071932528204609,90.668758191168308,10/9/2024,Y
R631187,RS055081,1949272016,R631187,1949272016,LSO,24.04204177598762,90.7378314435482,10/7/2024,Y
R567234,RS050418,1967037600,R567234,1967037600,LSO,24.00818496783624,90.705815255641937,10/6/2024,Y
R606622,RS052122,1986688255,R606622,1986688255,LSO,24.064316379055334,90.8046942204237,10/5/2024,Y
R333519,RS050429,1986688259,R333519,1986688259,LSO,24.041820706734963,90.738585144281387,10/2/2024,Y
R631176,RS050429,1986688259,R631176,1986688259,LSO,24.021880042815621,90.791553743183613,10/2/2024,Y
R407955,RS051661,1949272018,R407955,1949272018,LSO,24.042044837885957,90.737833790481091,9/30/2024,Y
R606598,RS053954,1908437930,R606598,1908437930,LSO,23.982682053022408,90.742687582969666,9/26/2024,Y
R529476,RS050419,1915238808,R529476,1915238808,LSO,24.042148636196316,90.737972930073738,9/26/2024,Y
R444260,RS050429,1986688259,R444260,1986688259,LSO,24.041987274185047,90.7378988340497,9/24/2024,Y
R530453,RS053954,1908437930,R530453,1908437930,LSO,23.962161743339465,90.738794356584549,9/24/2024,Y
R270213,RS055081,1949272016,R270213,1949272016,LSO,24.00836168579259,90.799253024160862,9/23/2024,Y
R463748,RS055317,1984220463,R463748,1984220463,LSO,23.999060539864089,90.767650902271271,9/21/2024,Y
R463785,RS050418,1967037600,R463785,1967037600,LSO,24.017267098814148,90.757099762558937,9/18/2024,Y
R239892,RS055081,1949272016,R239892,1949272016,LSO,24.042004420822057,90.737823732197285,9/17/2024,Y
R345278,RS050419,1915238808,R345278,1915238808,LSO,24.072365685200971,90.657265931367874,9/16/2024,Y
R538403,RS052122,1986688255,R538403,1986688255,LSO,24.072264972503358,90.781338214874268,9/15/2024,Y
R487242,RS052122,1986688255,R487242,1986688255,LSO,24.024754053229117,90.817021653056145,9/8/2024,Y
R270216,RS053954,1908437930,R270216,1908437930,LSO,23.96569731975903,90.7256555557251,9/4/2024,Y
R567196,RS052122,1986688255,R567196,1986688255,LSO,24.035252449302568,90.823607817292213,9/2/2024,Y
R606105,RS050418,1967037600,R606105,1967037600,LSO,23.992099860976712,90.68427812308073,8/29/2024,Y
R119736,RS051661,1949272018,R119736,1949272018,LSO,23.981029385665263,90.737485103309155,8/28/2024,Y
R227470,RS055081,1949272016,R227470,1949272016,SSO,24.042054635960124,90.737863630056381,8/27/2024,Y
R621579,RS050430,1915239243,R621579,1915239243,LSO,24.054287866947426,90.8682307228446,8/21/2024,Y
R170026,RS050418,1967037600,R170026,1967037600,LSO,24.042111281061832,90.737963542342186,8/15/2024,Y
R608804,RS050430,1915239243,R608804,1915239243,LSO,24.042151085712945,90.737807303667068,8/14/2024,Y
R567190,RS055630,1915239231,R567190,1915239231,LSO,23.9337,90.7163,8/12/2024,Y
R361140,RS055630,1915239231,R361140,1915239231,LSO,24.042073007347206,90.737879052758217,8/12/2024,Y
R567201,RS052122,1986688255,R567201,1986688255,LSO,24.042033508861742,90.737880729138851,8/12/2024,Y
R200563,RS050429,1986688259,R200563,1986688259,SSO,24.0411,90.7406,8/11/2024,Y
R606554,RS050429,1986688259,R606554,1986688259,LSO,24.039992737253161,90.739346891641617,8/10/2024,Y
R487299,RS055081,1949272016,R487299,1949272016,LSO,23.940730215315394,90.705346874892712,8/3/2024,Y
R306584,RS055081,1949272016,R306584,1949272016,SSO,23.943771199598302,90.707048065960407,7/11/2024,Y
R283464,RS050418,1967037600,R283464,1967037600,LSO,23.9793,90.7327,7/11/2024,Y
R528422,RS055081,1949272016,R528422,1949272016,LSO,24.042119548182697,90.73788944631815,5/13/2024,Y
R606111,RS050419,1915238808,R606111,1915238808,LSO,24.06784241323799,90.692042112350464,4/30/2024,Y
R245778,RS050429,1986688259,R245778,1986688259,SSO,24.0471,90.6808,4/9/2024,Y
R494974,RS050429,1986688259,R494974,1986688259,LSO,24.041758243885489,90.738701820373535,3/28/2024,Y
R595115,RS051661,1949272018,R595115,1949272018,LSO,23.980478900282378,90.733581818640232,3/26/2024,Y
R534559,RS052122,1986688255,R534559,1986688255,LSO,24.034783034615135,90.823864303529263,3/26/2024,Y
R567200,RS052122,1986688255,R567200,1986688255,SSO,24.08793540658003,90.797397941350937,3/23/2024,Y
R608899,RS055081,1949272016,R608899,1949272016,LSO,23.94102959794397,90.710426643490791,3/18/2024,Y
R333496,RS050429,1986688259,R333496,1986688259,LSO,24.0451533,90.7374454,3/14/2024,Y
R487256,RS050424,1409865178,R487256,1409865178,LSO,24.086647414087992,90.796875581145287,3/13/2024,N
R487247,RS050424,1409865178,R487247,1409865178,LSO,24.088144153193685,90.797605477273464,3/11/2024,N
R519717,RS050429,1986688259,R519717,1986688259,LSO,24.0529572,90.7368707,12/28/2023,Y
R529817,RS050419,1915238808,R529817,1915238808,LSO,24.0683,90.6926,11/30/2023,Y
R487353,RS055317,1984220463,R487353,1984220463,LSO,23.9976,90.7675,11/30/2023,Y
R495007,RS050418,1967037600,R495007,1967037600,LSO,24.1039,90.7834,11/30/2023,Y
R494927,RS050430,1915239243,R494927,1915239243,LSO,24.0352,90.7352,11/30/2023,Y
R361209,RS050430,1915239243,R361209,1915239243,SSO,24.0384,90.735,11/30/2023,N
R538402,RS050429,1986688259,R538402,1986688259,LSO,24.0675,90.7662,11/30/2023,Y
R280045,RS052122,1986688255,R280045,1986688255,LSO,24.0358,90.8159,11/30/2023,Y
R418871,RS055317,1984220463,R418871,1984220463,LSO,24.0153,90.7643,11/30/2023,Y
R599440,RS052122,1986688255,R599440,1986688255,LSO,24.0007,90.8713,11/30/2023,Y
R245774,RS051661,1949272018,R245774,1949272018,SSO,23.9797,90.7334,11/30/2023,Y
R585561,RS050430,1915239243,R585561,1915239243,SSO,24.039,90.7374,11/30/2023,Y
R585579,RS055630,1915239231,R585579,1915239231,LSO,24.0942,90.7489,11/30/2023,Y
R219542,RS051661,1949272018,R219542,1949272018,LSO,24.0728,90.7231,11/30/2023,Y
R589976,RS050424,1409865178,R589976,1409865178,LSO,23.9521,90.831,11/30/2023,Y
R015701,RS050430,1915239243,R015701,1915239243,SSO,24.0345,90.8321,7/23/2023,Y
R233655,RS055081,1949272016,R233655,1949272016,SSO,23.9506938,90.7142361,11/3/2018,Y
